#
# There is insufficient memory for the Java Runtime Environment to continue.
# Native memory allocation (mmap) failed to map 165675008 bytes. Error detail: G1 virtual space
# Possible reasons:
#   The system is out of physical RAM or swap space
#   This process is running with CompressedOops enabled, and the Java Heap may be blocking the growth of the native heap
# Possible solutions:
#   Reduce memory load on the system
#   Increase physical memory or swap space
#   Check if swap backing store is full
#   Decrease Java heap size (-Xmx/-Xms)
#   Decrease number of Java threads
#   Decrease Java thread stack sizes (-Xss)
#   Set larger code cache with -XX:ReservedCodeCacheSize=
#   JVM is running with Unscaled Compressed Oops mode in which the Java heap is
#     placed in the first 4GB address space. The Java Heap base address is the
#     maximum limit for the native heap growth. Please use -XX:HeapBaseMinAddress
#     to set the Java Heap base and to place the Java Heap above 4GB virtual address.
# This output file may be truncated or incomplete.
#
#  Out of Memory Error (os_windows.cpp:3631), pid=33856, tid=3312
#
# JRE version: Java(TM) SE Runtime Environment (22.0.1+8) (build 22.0.1+8-16)
# Java VM: Java HotSpot(TM) 64-Bit Server VM (22.0.1+8-16, mixed mode, sharing, tiered, compressed oops, compressed class ptrs, g1 gc, windows-amd64)
# No core dump will be written. Minidumps are not enabled by default on client versions of Windows
#

---------------  S U M M A R Y ------------

Command Line: C:\Users\Jay\.cache\opencode\bin\jdtls\plugins\org.eclipse.equinox.launcher_1.7.100.v20251111-0406.jar -configuration C:\Users\Jay\.cache\opencode\bin\jdtls\config_win -data C:\Users\Jay\AppData\Local\Temp\opencode-jdtls-datahm8UXh -Declipse.application=org.eclipse.jdt.ls.core.id1 -Dosgi.bundles.defaultStartLevel=4 -Declipse.product=org.eclipse.jdt.ls.core.product -Dlog.level=ALL --add-modules=ALL-SYSTEM --add-opens java.base/java.util=ALL-UNNAMED --add-opens java.base/java.lang=ALL-UNNAMED

Host: AMD Ryzen 5 5600H with Radeon Graphics         , 12 cores, 7G,  Windows 11 , 64 bit Build 26100 (10.0.26100.7920)
Time: Wed Apr  8 16:10:28 2026 India Standard Time elapsed time: 17.239963 seconds (0d 0h 0m 17s)

---------------  T H R E A D  ---------------

Current thread (0x00000236e33b31c0):  VMThread "VM Thread"          [id=3312, stack(0x0000005ceda00000,0x0000005cedb00000) (1024K)]

Stack: [0x0000005ceda00000,0x0000005cedb00000]
Native frames: (J=compiled Java code, j=interpreted, Vv=VM code, C=native code)
V  [jvm.dll+0x6e2279]  (no source info available)
V  [jvm.dll+0x874e33]  (no source info available)
V  [jvm.dll+0x87725e]  (no source info available)
V  [jvm.dll+0x877933]  (no source info available)
V  [jvm.dll+0x27fd76]  (no source info available)
V  [jvm.dll+0x6de915]  (no source info available)
V  [jvm.dll+0x6d341a]  (no source info available)
V  [jvm.dll+0x3589da]  (no source info available)
V  [jvm.dll+0x360f06]  (no source info available)
V  [jvm.dll+0x3b3e2e]  (no source info available)
V  [jvm.dll+0x3b40d8]  (no source info available)
V  [jvm.dll+0x32c59c]  (no source info available)
V  [jvm.dll+0x32c627]  (no source info available)
V  [jvm.dll+0x37229c]  (no source info available)
V  [jvm.dll+0x370996]  (no source info available)
V  [jvm.dll+0x32bc87]  (no source info available)
V  [jvm.dll+0x370154]  (no source info available)
V  [jvm.dll+0x87d7d0]  (no source info available)
V  [jvm.dll+0x87eb57]  (no source info available)
V  [jvm.dll+0x87f0d0]  (no source info available)
V  [jvm.dll+0x87f373]  (no source info available)
V  [jvm.dll+0x81d44b]  (no source info available)
V  [jvm.dll+0x6e0915]  (no source info available)
C  [ucrtbase.dll+0x37b0]  (no source info available)
C  [KERNEL32.DLL+0x2e8d7]  (no source info available)
C  [ntdll.dll+0x8c48c]  (no source info available)

VM_Operation (0x0000005cee5fe580): G1CollectForAllocation, mode: safepoint, requested by thread 0x00000236c2863db0


---------------  P R O C E S S  ---------------

Threads class SMR info:
_java_thread_list=0x00000236e89baf10, length=32, elements={
0x00000236c69df8f0, 0x00000236e33d7000, 0x00000236e33d7a60, 0x00000236e33dd460,
0x00000236e33ddec0, 0x00000236e33de920, 0x00000236e33ea120, 0x00000236e33eaeb0,
0x00000236e33f3990, 0x00000236c1292630, 0x00000236c12b81c0, 0x00000236c216da40,
0x00000236c1d07960, 0x00000236c1cf94e0, 0x00000236c1cfa950, 0x00000236c24d7790,
0x00000236c2864440, 0x00000236c2866510, 0x00000236c2865160, 0x00000236c28657f0,
0x00000236c2863db0, 0x00000236c2865e80, 0x00000236c2866ba0, 0x00000236c2867230,
0x00000236c2864ad0, 0x00000236e8b72c10, 0x00000236e8b732a0, 0x00000236e8b711d0,
0x00000236e8b71860, 0x00000236e8b71ef0, 0x00000236c2ac6400, 0x00000236c2ac7f40
}

Java Threads: ( => current thread )
  0x00000236c69df8f0 JavaThread "main"                              [_thread_blocked, id=34236, stack(0x0000005ced300000,0x0000005ced400000) (1024K)]
  0x00000236e33d7000 JavaThread "Reference Handler"          daemon [_thread_blocked, id=24396, stack(0x0000005cedb00000,0x0000005cedc00000) (1024K)]
  0x00000236e33d7a60 JavaThread "Finalizer"                  daemon [_thread_blocked, id=12568, stack(0x0000005cedc00000,0x0000005cedd00000) (1024K)]
  0x00000236e33dd460 JavaThread "Signal Dispatcher"          daemon [_thread_blocked, id=6316, stack(0x0000005cedd00000,0x0000005cede00000) (1024K)]
  0x00000236e33ddec0 JavaThread "Attach Listener"            daemon [_thread_blocked, id=31872, stack(0x0000005cede00000,0x0000005cedf00000) (1024K)]
  0x00000236e33de920 JavaThread "Service Thread"             daemon [_thread_blocked, id=428, stack(0x0000005cedf00000,0x0000005cee000000) (1024K)]
  0x00000236e33ea120 JavaThread "Monitor Deflation Thread"   daemon [_thread_blocked, id=31564, stack(0x0000005cee000000,0x0000005cee100000) (1024K)]
  0x00000236e33eaeb0 JavaThread "C2 CompilerThread0"         daemon [_thread_blocked, id=18356, stack(0x0000005cee100000,0x0000005cee200000) (1024K)]
  0x00000236e33f3990 JavaThread "C1 CompilerThread0"         daemon [_thread_blocked, id=30132, stack(0x0000005cee200000,0x0000005cee300000) (1024K)]
  0x00000236c1292630 JavaThread "Notification Thread"        daemon [_thread_blocked, id=35828, stack(0x0000005cee300000,0x0000005cee400000) (1024K)]
  0x00000236c12b81c0 JavaThread "Common-Cleaner"             daemon [_thread_blocked, id=35320, stack(0x0000005cee400000,0x0000005cee500000) (1024K)]
  0x00000236c216da40 JavaThread "Active Thread: Equinox Container: c9b5781f-4708-4a4f-b583-88e36fd1fabd"        [_thread_blocked, id=5508, stack(0x0000005cee600000,0x0000005cee700000) (1024K)]
  0x00000236c1d07960 JavaThread "Refresh Thread: Equinox Container: c9b5781f-4708-4a4f-b583-88e36fd1fabd" daemon [_thread_blocked, id=24112, stack(0x0000005ceed00000,0x0000005ceee00000) (1024K)]
  0x00000236c1cf94e0 JavaThread "Framework Event Dispatcher: Equinox Container: c9b5781f-4708-4a4f-b583-88e36fd1fabd" daemon [_thread_blocked, id=30008, stack(0x0000005ceee00000,0x0000005ceef00000) (1024K)]
  0x00000236c1cfa950 JavaThread "Start Level: Equinox Container: c9b5781f-4708-4a4f-b583-88e36fd1fabd" daemon [_thread_blocked, id=31792, stack(0x0000005ceef00000,0x0000005cef000000) (1024K)]
  0x00000236c24d7790 JavaThread "Bundle File Closer"         daemon [_thread_blocked, id=12772, stack(0x0000005cef000000,0x0000005cef100000) (1024K)]
  0x00000236c2864440 JavaThread "SCR Component Actor"        daemon [_thread_blocked, id=5928, stack(0x0000005cef400000,0x0000005cef500000) (1024K)]
  0x00000236c2866510 JavaThread "Worker-JM"                         [_thread_blocked, id=2124, stack(0x0000005cef500000,0x0000005cef600000) (1024K)]
  0x00000236c2865160 JavaThread "Worker-0"                          [_thread_blocked, id=31288, stack(0x0000005cef600000,0x0000005cef700000) (1024K)]
  0x00000236c28657f0 JavaThread "Worker-1"                          [_thread_blocked, id=17168, stack(0x0000005cef700000,0x0000005cef800000) (1024K)]
  0x00000236c2863db0 JavaThread "Java indexing"              daemon [_thread_blocked, id=34704, stack(0x0000005cee500000,0x0000005cee600000) (1024K)]
  0x00000236c2865e80 JavaThread "JNA Cleaner"                daemon [_thread_blocked, id=14768, stack(0x0000005cefb00000,0x0000005cefc00000) (1024K)]
  0x00000236c2866ba0 JavaThread "Worker-2: Java indexing... "        [_thread_blocked, id=5656, stack(0x0000005cefe00000,0x0000005ceff00000) (1024K)]
  0x00000236c2867230 JavaThread "Worker-3"                          [_thread_blocked, id=32608, stack(0x0000005ceff00000,0x0000005cf0000000) (1024K)]
  0x00000236c2864ad0 JavaThread "pool-2-thread-1"                   [_thread_blocked, id=17188, stack(0x0000005cf0000000,0x0000005cf0100000) (1024K)]
  0x00000236e8b72c10 JavaThread "WorkspaceEventsHandler"            [_thread_blocked, id=6840, stack(0x0000005cf0100000,0x0000005cf0200000) (1024K)]
  0x00000236e8b732a0 JavaThread "pool-1-thread-1"                   [_thread_blocked, id=22784, stack(0x0000005cf0200000,0x0000005cf0300000) (1024K)]
  0x00000236e8b711d0 JavaThread "Worker-4"                          [_thread_blocked, id=17776, stack(0x0000005cf0300000,0x0000005cf0400000) (1024K)]
  0x00000236e8b71860 JavaThread "Worker-5: Initialize Workspace"        [_thread_blocked, id=33980, stack(0x0000005cf0500000,0x0000005cf0600000) (1024K)]
  0x00000236e8b71ef0 JavaThread "Keep-Alive-Timer"           daemon [_thread_blocked, id=23264, stack(0x0000005cf0600000,0x0000005cf0700000) (1024K)]
  0x00000236c2ac6400 JavaThread "C2 CompilerThread1"         daemon [_thread_blocked, id=29464, stack(0x0000005cefa00000,0x0000005cefb00000) (1024K)]
  0x00000236c2ac7f40 JavaThread "C2 CompilerThread2"         daemon [_thread_blocked, id=30588, stack(0x0000005cf0700000,0x0000005cf0800000) (1024K)]
Total: 32

Other Threads:
=>0x00000236e33b31c0 VMThread "VM Thread"                           [id=3312, stack(0x0000005ceda00000,0x0000005cedb00000) (1024K)]
  0x00000236e339b650 WatcherThread "VM Periodic Task Thread"        [id=33956, stack(0x0000005ced900000,0x0000005ceda00000) (1024K)]
  0x00000236c6a2f3b0 WorkerThread "GC Thread#0"                     [id=25880, stack(0x0000005ced400000,0x0000005ced500000) (1024K)]
  0x00000236c1d112d0 WorkerThread "GC Thread#1"                     [id=16824, stack(0x0000005cee700000,0x0000005cee800000) (1024K)]
  0x00000236c1d11680 WorkerThread "GC Thread#2"                     [id=31724, stack(0x0000005cee800000,0x0000005cee900000) (1024K)]
  0x00000236c1b0b510 WorkerThread "GC Thread#3"                     [id=35440, stack(0x0000005cee900000,0x0000005ceea00000) (1024K)]
  0x00000236c1a642c0 WorkerThread "GC Thread#4"                     [id=31368, stack(0x0000005ceea00000,0x0000005ceeb00000) (1024K)]
  0x00000236c17134f0 WorkerThread "GC Thread#5"                     [id=12616, stack(0x0000005ceeb00000,0x0000005ceec00000) (1024K)]
  0x00000236c17138a0 WorkerThread "GC Thread#6"                     [id=35064, stack(0x0000005ceec00000,0x0000005ceed00000) (1024K)]
  0x00000236c1cc44d0 WorkerThread "GC Thread#7"                     [id=13036, stack(0x0000005cef100000,0x0000005cef200000) (1024K)]
  0x00000236c1ce42f0 WorkerThread "GC Thread#8"                     [id=35488, stack(0x0000005cef200000,0x0000005cef300000) (1024K)]
  0x00000236c23788f0 WorkerThread "GC Thread#9"                     [id=30732, stack(0x0000005cef300000,0x0000005cef400000) (1024K)]
  0x00000236c6a40d20 ConcurrentGCThread "G1 Main Marker"            [id=35184, stack(0x0000005ced500000,0x0000005ced600000) (1024K)]
  0x00000236c6a41ee0 WorkerThread "G1 Conc#0"                       [id=12388, stack(0x0000005ced600000,0x0000005ced700000) (1024K)]
  0x00000236c23f7e40 WorkerThread "G1 Conc#1"                       [id=27764, stack(0x0000005cef800000,0x0000005cef900000) (1024K)]
  0x00000236c23f81f0 WorkerThread "G1 Conc#2"                       [id=33896, stack(0x0000005cef900000,0x0000005cefa00000) (1024K)]
  0x00000236c6a9ea90 ConcurrentGCThread "G1 Refine#0"               [id=23876, stack(0x0000005ced700000,0x0000005ced800000) (1024K)]
  0x00000236e3264750 ConcurrentGCThread "G1 Service"                [id=18200, stack(0x0000005ced800000,0x0000005ced900000) (1024K)]
Total: 18

Threads with active compile tasks:
C2 CompilerThread0  17365 9882       4       java.lang.String::replace (42 bytes)
C2 CompilerThread1  17365 9881       4       org.eclipse.jdt.internal.core.search.indexing.AbstractIndexer::addTypeDeclaration (109 bytes)
C2 CompilerThread2  17365 9612       4       org.eclipse.jdt.internal.core.search.indexing.AddJrtToIndex$JrtTraverser::visitFile (14 bytes)
Total: 3

VM state: at safepoint (normal execution)

VM Mutex/Monitor currently owned by a thread:  ([mutex/lock_event])
[0x00007fff94f9bbb8] Threads_lock - owner thread: 0x00000236e33b31c0
[0x00007fff94f9bcb8] Heap_lock - owner thread: 0x00000236c2863db0

Heap address: 0x000000008a600000, size: 1882 MB, Compressed Oops mode: 32-bit

CDS archive(s) mapped at: [0x0000023680000000-0x0000023680c60000-0x0000023680c60000), size 12976128, SharedBaseAddress: 0x0000023680000000, ArchiveRelocationMode: 1.
Compressed class space mapped at: 0x0000023681000000-0x00000236c1000000, reserved size: 1073741824
Narrow klass base: 0x0000023680000000, Narrow klass shift: 0, Narrow klass range: 0x41000000

GC Precious Log:
 CardTable entry size: 512
 Card Set container configuration: InlinePtr #cards 5 size 8 Array Of Cards #cards 12 size 40 Howl #buckets 4 coarsen threshold 1843 Howl Bitmap #cards 512 size 80 coarsen threshold 460 Card regions per heap region 1 cards per card region 2048
 CPUs: 12 total, 12 available
 Memory: 7521M
 Large Page Support: Disabled
 NUMA Support: Disabled
 Compressed Oops: Enabled (32-bit)
 Heap Region Size: 1M
 Heap Min Capacity: 8M
 Heap Initial Capacity: 118M
 Heap Max Capacity: 1882M
 Pre-touch: Disabled
 Parallel Workers: 10
 Concurrent Workers: 3
 Concurrent Refinement Workers: 10
 Periodic GC: Disabled

Heap:
 garbage-first heap   total reserved 1927168K, committed 376832K, used 258001K [0x000000008a600000, 0x0000000100000000)
  region size 1024K, 14 young (14336K), 14 survivors (14336K)
 Metaspace       used 55829K, committed 57024K, reserved 1114112K
  class space    used 6076K, committed 6592K, reserved 1048576K

Heap Regions: E=young(eden), S=young(survivor), O=old, HS=humongous(starts), HC=humongous(continues), CS=collection set, F=free, TAMS=top-at-mark-start, PB=parsable bottom
|   0|0x000000008a600000, 0x000000008a700000, 0x000000008a700000|100%| O|  |TAMS 0x000000008a600000| PB 0x000000008a600000| Untracked |  0
|   1|0x000000008a700000, 0x000000008a800000, 0x000000008a800000|100%| O|  |TAMS 0x000000008a700000| PB 0x000000008a700000| Untracked |  0
|   2|0x000000008a800000, 0x000000008a900000, 0x000000008a900000|100%| O|  |TAMS 0x000000008a800000| PB 0x000000008a800000| Untracked |  0
|   3|0x000000008a900000, 0x000000008aa00000, 0x000000008aa00000|100%| O|  |TAMS 0x000000008a900000| PB 0x000000008a900000| Untracked |  0
|   4|0x000000008aa00000, 0x000000008ab00000, 0x000000008ab00000|100%| O|  |TAMS 0x000000008aa00000| PB 0x000000008aa00000| Untracked |  0
|   5|0x000000008ab00000, 0x000000008ac00000, 0x000000008ac00000|100%| O|  |TAMS 0x000000008ab00000| PB 0x000000008ab00000| Untracked |  0
|   6|0x000000008ac00000, 0x000000008ad00000, 0x000000008ad00000|100%|HS|  |TAMS 0x000000008ac00000| PB 0x000000008ac00000| Complete |  0
|   7|0x000000008ad00000, 0x000000008ae00000, 0x000000008ae00000|100%| O|  |TAMS 0x000000008ad00000| PB 0x000000008ad00000| Untracked |  0
|   8|0x000000008ae00000, 0x000000008af00000, 0x000000008af00000|100%| O|  |TAMS 0x000000008ae00000| PB 0x000000008ae00000| Untracked |  0
|   9|0x000000008af00000, 0x000000008b000000, 0x000000008b000000|100%| O|  |TAMS 0x000000008af00000| PB 0x000000008af00000| Untracked |  0
|  10|0x000000008b000000, 0x000000008b100000, 0x000000008b100000|100%| O|  |TAMS 0x000000008b000000| PB 0x000000008b000000| Untracked |  0
|  11|0x000000008b100000, 0x000000008b200000, 0x000000008b200000|100%| O|  |TAMS 0x000000008b100000| PB 0x000000008b100000| Untracked |  0
|  12|0x000000008b200000, 0x000000008b300000, 0x000000008b300000|100%| O|  |TAMS 0x000000008b200000| PB 0x000000008b200000| Untracked |  0
|  13|0x000000008b300000, 0x000000008b400000, 0x000000008b400000|100%| O|  |TAMS 0x000000008b300000| PB 0x000000008b300000| Untracked |  0
|  14|0x000000008b400000, 0x000000008b500000, 0x000000008b500000|100%| O|  |TAMS 0x000000008b400000| PB 0x000000008b400000| Untracked |  0
|  15|0x000000008b500000, 0x000000008b600000, 0x000000008b600000|100%| O|  |TAMS 0x000000008b500000| PB 0x000000008b500000| Untracked |  0
|  16|0x000000008b600000, 0x000000008b700000, 0x000000008b700000|100%| O|  |TAMS 0x000000008b600000| PB 0x000000008b600000| Untracked |  0
|  17|0x000000008b700000, 0x000000008b800000, 0x000000008b800000|100%| O|  |TAMS 0x000000008b700000| PB 0x000000008b700000| Untracked |  0
|  18|0x000000008b800000, 0x000000008b900000, 0x000000008b900000|100%| O|  |TAMS 0x000000008b800000| PB 0x000000008b800000| Untracked |  0
|  19|0x000000008b900000, 0x000000008ba00000, 0x000000008ba00000|100%| O|  |TAMS 0x000000008b900000| PB 0x000000008b900000| Untracked |  0
|  20|0x000000008ba00000, 0x000000008bb00000, 0x000000008bb00000|100%| O|  |TAMS 0x000000008ba00000| PB 0x000000008ba00000| Untracked |  0
|  21|0x000000008bb00000, 0x000000008bc00000, 0x000000008bc00000|100%| O|  |TAMS 0x000000008bb00000| PB 0x000000008bb00000| Untracked |  0
|  22|0x000000008bc00000, 0x000000008bd00000, 0x000000008bd00000|100%| O|  |TAMS 0x000000008bc00000| PB 0x000000008bc00000| Untracked |  0
|  23|0x000000008bd00000, 0x000000008be00000, 0x000000008be00000|100%| O|  |TAMS 0x000000008bd00000| PB 0x000000008bd00000| Untracked |  0
|  24|0x000000008be00000, 0x000000008bf00000, 0x000000008bf00000|100%| O|  |TAMS 0x000000008be00000| PB 0x000000008be00000| Untracked |  0
|  25|0x000000008bf00000, 0x000000008c000000, 0x000000008c000000|100%| O|  |TAMS 0x000000008bf00000| PB 0x000000008bf00000| Untracked |  0
|  26|0x000000008c000000, 0x000000008c100000, 0x000000008c100000|100%| O|  |TAMS 0x000000008c000000| PB 0x000000008c000000| Untracked |  0
|  27|0x000000008c100000, 0x000000008c200000, 0x000000008c200000|100%| O|  |TAMS 0x000000008c100000| PB 0x000000008c100000| Untracked |  0
|  28|0x000000008c200000, 0x000000008c300000, 0x000000008c300000|100%|HS|  |TAMS 0x000000008c200000| PB 0x000000008c200000| Complete |  0
|  29|0x000000008c300000, 0x000000008c400000, 0x000000008c400000|100%| O|  |TAMS 0x000000008c300000| PB 0x000000008c300000| Untracked |  0
|  30|0x000000008c400000, 0x000000008c500000, 0x000000008c500000|100%| O|  |TAMS 0x000000008c400000| PB 0x000000008c400000| Untracked |  0
|  31|0x000000008c500000, 0x000000008c600000, 0x000000008c600000|100%| O|  |TAMS 0x000000008c500000| PB 0x000000008c500000| Untracked |  0
|  32|0x000000008c600000, 0x000000008c700000, 0x000000008c700000|100%| O|  |TAMS 0x000000008c600000| PB 0x000000008c600000| Untracked |  0
|  33|0x000000008c700000, 0x000000008c800000, 0x000000008c800000|100%| O|  |TAMS 0x000000008c700000| PB 0x000000008c700000| Untracked |  0
|  34|0x000000008c800000, 0x000000008c900000, 0x000000008c900000|100%| O|  |TAMS 0x000000008c800000| PB 0x000000008c800000| Untracked |  0
|  35|0x000000008c900000, 0x000000008ca00000, 0x000000008ca00000|100%| O|  |TAMS 0x000000008c900000| PB 0x000000008c900000| Untracked |  0
|  36|0x000000008ca00000, 0x000000008cb00000, 0x000000008cb00000|100%| O|  |TAMS 0x000000008ca00000| PB 0x000000008ca00000| Untracked |  0
|  37|0x000000008cb00000, 0x000000008cc00000, 0x000000008cc00000|100%| O|  |TAMS 0x000000008cb00000| PB 0x000000008cb00000| Untracked |  0
|  38|0x000000008cc00000, 0x000000008cd00000, 0x000000008cd00000|100%| O|  |TAMS 0x000000008cc00000| PB 0x000000008cc00000| Untracked |  0
|  39|0x000000008cd00000, 0x000000008ce00000, 0x000000008ce00000|100%| O|  |TAMS 0x000000008cd00000| PB 0x000000008cd00000| Untracked |  0
|  40|0x000000008ce00000, 0x000000008cf00000, 0x000000008cf00000|100%| O|  |TAMS 0x000000008ce00000| PB 0x000000008ce00000| Untracked |  0
|  41|0x000000008cf00000, 0x000000008d000000, 0x000000008d000000|100%| O|  |TAMS 0x000000008cf00000| PB 0x000000008cf00000| Untracked |  0
|  42|0x000000008d000000, 0x000000008d100000, 0x000000008d100000|100%| O|  |TAMS 0x000000008d000000| PB 0x000000008d000000| Untracked |  0
|  43|0x000000008d100000, 0x000000008d200000, 0x000000008d200000|100%| O|  |TAMS 0x000000008d100000| PB 0x000000008d100000| Untracked |  0
|  44|0x000000008d200000, 0x000000008d300000, 0x000000008d300000|100%| O|  |TAMS 0x000000008d200000| PB 0x000000008d200000| Untracked |  0
|  45|0x000000008d300000, 0x000000008d400000, 0x000000008d400000|100%| O|  |TAMS 0x000000008d300000| PB 0x000000008d300000| Untracked |  0
|  46|0x000000008d400000, 0x000000008d500000, 0x000000008d500000|100%| O|  |TAMS 0x000000008d400000| PB 0x000000008d400000| Untracked |  0
|  47|0x000000008d500000, 0x000000008d600000, 0x000000008d600000|100%| O|  |TAMS 0x000000008d500000| PB 0x000000008d500000| Untracked |  0
|  48|0x000000008d600000, 0x000000008d700000, 0x000000008d700000|100%| O|  |TAMS 0x000000008d600000| PB 0x000000008d600000| Untracked |  0
|  49|0x000000008d700000, 0x000000008d800000, 0x000000008d800000|100%| O|  |TAMS 0x000000008d700000| PB 0x000000008d700000| Untracked |  0
|  50|0x000000008d800000, 0x000000008d900000, 0x000000008d900000|100%| O|  |TAMS 0x000000008d800000| PB 0x000000008d800000| Untracked |  0
|  51|0x000000008d900000, 0x000000008da00000, 0x000000008da00000|100%| O|  |TAMS 0x000000008d900000| PB 0x000000008d900000| Untracked |  0
|  52|0x000000008da00000, 0x000000008db00000, 0x000000008db00000|100%| O|  |TAMS 0x000000008da00000| PB 0x000000008da00000| Untracked |  0
|  53|0x000000008db00000, 0x000000008dc00000, 0x000000008dc00000|100%| O|  |TAMS 0x000000008db00000| PB 0x000000008db00000| Untracked |  0
|  54|0x000000008dc00000, 0x000000008dd00000, 0x000000008dd00000|100%| O|  |TAMS 0x000000008dc00000| PB 0x000000008dc00000| Untracked |  0
|  55|0x000000008dd00000, 0x000000008de00000, 0x000000008de00000|100%| O|  |TAMS 0x000000008dd00000| PB 0x000000008dd00000| Untracked |  0
|  56|0x000000008de00000, 0x000000008df00000, 0x000000008df00000|100%| O|  |TAMS 0x000000008de00000| PB 0x000000008de00000| Untracked |  0
|  57|0x000000008df00000, 0x000000008e000000, 0x000000008e000000|100%| O|  |TAMS 0x000000008df00000| PB 0x000000008df00000| Untracked |  0
|  58|0x000000008e000000, 0x000000008e100000, 0x000000008e100000|100%| O|  |TAMS 0x000000008e000000| PB 0x000000008e000000| Untracked |  0
|  59|0x000000008e100000, 0x000000008e200000, 0x000000008e200000|100%| O|  |TAMS 0x000000008e100000| PB 0x000000008e100000| Untracked |  0
|  60|0x000000008e200000, 0x000000008e300000, 0x000000008e300000|100%| O|  |TAMS 0x000000008e200000| PB 0x000000008e200000| Untracked |  0
|  61|0x000000008e300000, 0x000000008e400000, 0x000000008e400000|100%| O|  |TAMS 0x000000008e300000| PB 0x000000008e300000| Untracked |  0
|  62|0x000000008e400000, 0x000000008e500000, 0x000000008e500000|100%| O|  |TAMS 0x000000008e400000| PB 0x000000008e400000| Untracked |  0
|  63|0x000000008e500000, 0x000000008e600000, 0x000000008e600000|100%| O|  |TAMS 0x000000008e500000| PB 0x000000008e500000| Untracked |  0
|  64|0x000000008e600000, 0x000000008e700000, 0x000000008e700000|100%| O|  |TAMS 0x000000008e600000| PB 0x000000008e600000| Untracked |  0
|  65|0x000000008e700000, 0x000000008e800000, 0x000000008e800000|100%| O|  |TAMS 0x000000008e700000| PB 0x000000008e700000| Untracked |  0
|  66|0x000000008e800000, 0x000000008e900000, 0x000000008e900000|100%| O|  |TAMS 0x000000008e800000| PB 0x000000008e800000| Untracked |  0
|  67|0x000000008e900000, 0x000000008ea00000, 0x000000008ea00000|100%| O|  |TAMS 0x000000008e900000| PB 0x000000008e900000| Untracked |  0
|  68|0x000000008ea00000, 0x000000008eb00000, 0x000000008eb00000|100%| O|  |TAMS 0x000000008ea00000| PB 0x000000008ea00000| Untracked |  0
|  69|0x000000008eb00000, 0x000000008ec00000, 0x000000008ec00000|100%| O|  |TAMS 0x000000008eb00000| PB 0x000000008eb00000| Untracked |  0
|  70|0x000000008ec00000, 0x000000008ed00000, 0x000000008ed00000|100%| O|  |TAMS 0x000000008ec00000| PB 0x000000008ec00000| Untracked |  0
|  71|0x000000008ed00000, 0x000000008ee00000, 0x000000008ee00000|100%| O|  |TAMS 0x000000008ed00000| PB 0x000000008ed00000| Untracked |  0
|  72|0x000000008ee00000, 0x000000008ef00000, 0x000000008ef00000|100%| O|  |TAMS 0x000000008ee00000| PB 0x000000008ee00000| Untracked |  0
|  73|0x000000008ef00000, 0x000000008f000000, 0x000000008f000000|100%| O|  |TAMS 0x000000008ef00000| PB 0x000000008ef00000| Untracked |  0
|  74|0x000000008f000000, 0x000000008f100000, 0x000000008f100000|100%| O|  |TAMS 0x000000008f000000| PB 0x000000008f000000| Untracked |  0
|  75|0x000000008f100000, 0x000000008f200000, 0x000000008f200000|100%| O|  |TAMS 0x000000008f100000| PB 0x000000008f100000| Untracked |  0
|  76|0x000000008f200000, 0x000000008f300000, 0x000000008f300000|100%| O|  |TAMS 0x000000008f200000| PB 0x000000008f200000| Untracked |  0
|  77|0x000000008f300000, 0x000000008f400000, 0x000000008f400000|100%| O|  |TAMS 0x000000008f300000| PB 0x000000008f300000| Untracked |  0
|  78|0x000000008f400000, 0x000000008f500000, 0x000000008f500000|100%| O|  |TAMS 0x000000008f400000| PB 0x000000008f400000| Untracked |  0
|  79|0x000000008f500000, 0x000000008f600000, 0x000000008f600000|100%| O|  |TAMS 0x000000008f500000| PB 0x000000008f500000| Untracked |  0
|  80|0x000000008f600000, 0x000000008f700000, 0x000000008f700000|100%| O|  |TAMS 0x000000008f600000| PB 0x000000008f600000| Untracked |  0
|  81|0x000000008f700000, 0x000000008f800000, 0x000000008f800000|100%| O|  |TAMS 0x000000008f700000| PB 0x000000008f700000| Untracked |  0
|  82|0x000000008f800000, 0x000000008f900000, 0x000000008f900000|100%| O|  |TAMS 0x000000008f800000| PB 0x000000008f800000| Untracked |  0
|  83|0x000000008f900000, 0x000000008fa00000, 0x000000008fa00000|100%| O|  |TAMS 0x000000008f900000| PB 0x000000008f900000| Untracked |  0
|  84|0x000000008fa00000, 0x000000008fb00000, 0x000000008fb00000|100%| O|  |TAMS 0x000000008fa00000| PB 0x000000008fa00000| Untracked |  0
|  85|0x000000008fb00000, 0x000000008fc00000, 0x000000008fc00000|100%| O|  |TAMS 0x000000008fb00000| PB 0x000000008fb00000| Untracked |  0
|  86|0x000000008fc00000, 0x000000008fd00000, 0x000000008fd00000|100%| O|  |TAMS 0x000000008fc00000| PB 0x000000008fc00000| Untracked |  0
|  87|0x000000008fd00000, 0x000000008fe00000, 0x000000008fe00000|100%| O|  |TAMS 0x000000008fd00000| PB 0x000000008fd00000| Untracked |  0
|  88|0x000000008fe00000, 0x000000008ff00000, 0x000000008ff00000|100%| O|  |TAMS 0x000000008fe00000| PB 0x000000008fe00000| Untracked |  0
|  89|0x000000008ff00000, 0x0000000090000000, 0x0000000090000000|100%| O|  |TAMS 0x000000008ff00000| PB 0x000000008ff00000| Untracked |  0
|  90|0x0000000090000000, 0x0000000090100000, 0x0000000090100000|100%| O|  |TAMS 0x0000000090000000| PB 0x0000000090000000| Untracked |  0
|  91|0x0000000090100000, 0x0000000090200000, 0x0000000090200000|100%| O|  |TAMS 0x0000000090100000| PB 0x0000000090100000| Untracked |  0
|  92|0x0000000090200000, 0x0000000090300000, 0x0000000090300000|100%| O|  |TAMS 0x0000000090200000| PB 0x0000000090200000| Untracked |  0
|  93|0x0000000090300000, 0x0000000090400000, 0x0000000090400000|100%| O|  |TAMS 0x0000000090300000| PB 0x0000000090300000| Untracked |  0
|  94|0x0000000090400000, 0x0000000090500000, 0x0000000090500000|100%| O|  |TAMS 0x0000000090400000| PB 0x0000000090400000| Untracked |  0
|  95|0x0000000090500000, 0x0000000090600000, 0x0000000090600000|100%| O|  |TAMS 0x0000000090500000| PB 0x0000000090500000| Untracked |  0
|  96|0x0000000090600000, 0x0000000090700000, 0x0000000090700000|100%| O|  |TAMS 0x0000000090600000| PB 0x0000000090600000| Untracked |  0
|  97|0x0000000090700000, 0x0000000090800000, 0x0000000090800000|100%| O|  |TAMS 0x0000000090700000| PB 0x0000000090700000| Untracked |  0
|  98|0x0000000090800000, 0x0000000090900000, 0x0000000090900000|100%| O|  |TAMS 0x0000000090800000| PB 0x0000000090800000| Untracked |  0
|  99|0x0000000090900000, 0x0000000090a00000, 0x0000000090a00000|100%| O|  |TAMS 0x0000000090900000| PB 0x0000000090900000| Untracked |  0
| 100|0x0000000090a00000, 0x0000000090b00000, 0x0000000090b00000|100%| O|  |TAMS 0x0000000090a00000| PB 0x0000000090a00000| Untracked |  0
| 101|0x0000000090b00000, 0x0000000090c00000, 0x0000000090c00000|100%| O|  |TAMS 0x0000000090b00000| PB 0x0000000090b00000| Untracked |  0
| 102|0x0000000090c00000, 0x0000000090d00000, 0x0000000090d00000|100%| O|  |TAMS 0x0000000090c00000| PB 0x0000000090c00000| Untracked |  0
| 103|0x0000000090d00000, 0x0000000090e00000, 0x0000000090e00000|100%| O|  |TAMS 0x0000000090d00000| PB 0x0000000090d00000| Untracked |  0
| 104|0x0000000090e00000, 0x0000000090f00000, 0x0000000090f00000|100%| O|  |TAMS 0x0000000090e00000| PB 0x0000000090e00000| Untracked |  0
| 105|0x0000000090f00000, 0x0000000091000000, 0x0000000091000000|100%| O|  |TAMS 0x0000000090f00000| PB 0x0000000090f00000| Untracked |  0
| 106|0x0000000091000000, 0x0000000091100000, 0x0000000091100000|100%| O|  |TAMS 0x0000000091000000| PB 0x0000000091000000| Untracked |  0
| 107|0x0000000091100000, 0x0000000091200000, 0x0000000091200000|100%| O|  |TAMS 0x0000000091100000| PB 0x0000000091100000| Untracked |  0
| 108|0x0000000091200000, 0x0000000091300000, 0x0000000091300000|100%| O|  |TAMS 0x0000000091200000| PB 0x0000000091200000| Untracked |  0
| 109|0x0000000091300000, 0x0000000091400000, 0x0000000091400000|100%| O|  |TAMS 0x0000000091300000| PB 0x0000000091300000| Untracked |  0
| 110|0x0000000091400000, 0x0000000091500000, 0x0000000091500000|100%| O|  |TAMS 0x0000000091400000| PB 0x0000000091400000| Untracked |  0
| 111|0x0000000091500000, 0x0000000091600000, 0x0000000091600000|100%| O|  |TAMS 0x0000000091500000| PB 0x0000000091500000| Untracked |  0
| 112|0x0000000091600000, 0x0000000091700000, 0x0000000091700000|100%| O|  |TAMS 0x0000000091600000| PB 0x0000000091600000| Untracked |  0
| 113|0x0000000091700000, 0x0000000091800000, 0x0000000091800000|100%| O|  |TAMS 0x0000000091700000| PB 0x0000000091700000| Untracked |  0
| 114|0x0000000091800000, 0x0000000091900000, 0x0000000091900000|100%| O|  |TAMS 0x0000000091800000| PB 0x0000000091800000| Untracked |  0
| 115|0x0000000091900000, 0x0000000091a00000, 0x0000000091a00000|100%| O|  |TAMS 0x0000000091900000| PB 0x0000000091900000| Untracked |  0
| 116|0x0000000091a00000, 0x0000000091b00000, 0x0000000091b00000|100%| O|  |TAMS 0x0000000091a00000| PB 0x0000000091a00000| Untracked |  0
| 117|0x0000000091b00000, 0x0000000091c00000, 0x0000000091c00000|100%| O|  |TAMS 0x0000000091b00000| PB 0x0000000091b00000| Untracked |  0
| 118|0x0000000091c00000, 0x0000000091d00000, 0x0000000091d00000|100%| O|  |TAMS 0x0000000091c00000| PB 0x0000000091c00000| Untracked |  0
| 119|0x0000000091d00000, 0x0000000091e00000, 0x0000000091e00000|100%| O|  |TAMS 0x0000000091d00000| PB 0x0000000091d00000| Untracked |  0
| 120|0x0000000091e00000, 0x0000000091f00000, 0x0000000091f00000|100%| O|  |TAMS 0x0000000091e00000| PB 0x0000000091e00000| Untracked |  0
| 121|0x0000000091f00000, 0x0000000092000000, 0x0000000092000000|100%| O|  |TAMS 0x0000000091f00000| PB 0x0000000091f00000| Untracked |  0
| 122|0x0000000092000000, 0x0000000092100000, 0x0000000092100000|100%| O|  |TAMS 0x0000000092000000| PB 0x0000000092000000| Untracked |  0
| 123|0x0000000092100000, 0x0000000092200000, 0x0000000092200000|100%| O|  |TAMS 0x0000000092100000| PB 0x0000000092100000| Untracked |  0
| 124|0x0000000092200000, 0x0000000092300000, 0x0000000092300000|100%| O|  |TAMS 0x0000000092200000| PB 0x0000000092200000| Untracked |  0
| 125|0x0000000092300000, 0x0000000092400000, 0x0000000092400000|100%| O|  |TAMS 0x0000000092300000| PB 0x0000000092300000| Untracked |  0
| 126|0x0000000092400000, 0x0000000092500000, 0x0000000092500000|100%| O|  |TAMS 0x0000000092400000| PB 0x0000000092400000| Untracked |  0
| 127|0x0000000092500000, 0x0000000092600000, 0x0000000092600000|100%| O|  |TAMS 0x0000000092500000| PB 0x0000000092500000| Untracked |  0
| 128|0x0000000092600000, 0x0000000092700000, 0x0000000092700000|100%| O|  |TAMS 0x0000000092600000| PB 0x0000000092600000| Untracked |  0
| 129|0x0000000092700000, 0x0000000092800000, 0x0000000092800000|100%| O|  |TAMS 0x0000000092700000| PB 0x0000000092700000| Untracked |  0
| 130|0x0000000092800000, 0x0000000092900000, 0x0000000092900000|100%| O|  |TAMS 0x0000000092800000| PB 0x0000000092800000| Untracked |  0
| 131|0x0000000092900000, 0x0000000092a00000, 0x0000000092a00000|100%| O|  |TAMS 0x0000000092900000| PB 0x0000000092900000| Untracked |  0
| 132|0x0000000092a00000, 0x0000000092b00000, 0x0000000092b00000|100%| O|  |TAMS 0x0000000092a00000| PB 0x0000000092a00000| Untracked |  0
| 133|0x0000000092b00000, 0x0000000092c00000, 0x0000000092c00000|100%| O|  |TAMS 0x0000000092b00000| PB 0x0000000092b00000| Untracked |  0
| 134|0x0000000092c00000, 0x0000000092d00000, 0x0000000092d00000|100%| O|  |TAMS 0x0000000092c00000| PB 0x0000000092c00000| Untracked |  0
| 135|0x0000000092d00000, 0x0000000092e00000, 0x0000000092e00000|100%| O|  |TAMS 0x0000000092d00000| PB 0x0000000092d00000| Untracked |  0
| 136|0x0000000092e00000, 0x0000000092f00000, 0x0000000092f00000|100%| O|  |TAMS 0x0000000092e00000| PB 0x0000000092e00000| Untracked |  0
| 137|0x0000000092f00000, 0x0000000092f00000, 0x0000000093000000|  0%| F|  |TAMS 0x0000000092f00000| PB 0x0000000092f00000| Untracked |  0
| 138|0x0000000093000000, 0x0000000093100000, 0x0000000093100000|100%| O|  |TAMS 0x0000000093000000| PB 0x0000000093000000| Untracked |  0
| 139|0x0000000093100000, 0x0000000093200000, 0x0000000093200000|100%| O|  |TAMS 0x0000000093100000| PB 0x0000000093100000| Untracked |  0
| 140|0x0000000093200000, 0x0000000093300000, 0x0000000093300000|100%| O|  |TAMS 0x0000000093200000| PB 0x0000000093200000| Untracked |  0
| 141|0x0000000093300000, 0x0000000093400000, 0x0000000093400000|100%| O|  |TAMS 0x0000000093300000| PB 0x0000000093300000| Untracked |  0
| 142|0x0000000093400000, 0x0000000093500000, 0x0000000093500000|100%| O|  |TAMS 0x0000000093400000| PB 0x0000000093400000| Untracked |  0
| 143|0x0000000093500000, 0x0000000093600000, 0x0000000093600000|100%| O|  |TAMS 0x0000000093500000| PB 0x0000000093500000| Untracked |  0
| 144|0x0000000093600000, 0x0000000093700000, 0x0000000093700000|100%| O|  |TAMS 0x0000000093600000| PB 0x0000000093600000| Untracked |  0
| 145|0x0000000093700000, 0x0000000093800000, 0x0000000093800000|100%| O|  |TAMS 0x0000000093700000| PB 0x0000000093700000| Untracked |  0
| 146|0x0000000093800000, 0x0000000093800000, 0x0000000093900000|  0%| F|  |TAMS 0x0000000093800000| PB 0x0000000093800000| Untracked |  0
| 147|0x0000000093900000, 0x0000000093a00000, 0x0000000093a00000|100%| O|  |TAMS 0x0000000093900000| PB 0x0000000093900000| Untracked |  0
| 148|0x0000000093a00000, 0x0000000093b00000, 0x0000000093b00000|100%| O|  |TAMS 0x0000000093a00000| PB 0x0000000093a00000| Untracked |  0
| 149|0x0000000093b00000, 0x0000000093c00000, 0x0000000093c00000|100%| O|  |TAMS 0x0000000093b00000| PB 0x0000000093b00000| Untracked |  0
| 150|0x0000000093c00000, 0x0000000093d00000, 0x0000000093d00000|100%| O|  |TAMS 0x0000000093c00000| PB 0x0000000093c00000| Untracked |  0
| 151|0x0000000093d00000, 0x0000000093e00000, 0x0000000093e00000|100%| O|  |TAMS 0x0000000093d00000| PB 0x0000000093d00000| Untracked |  0
| 152|0x0000000093e00000, 0x0000000093f00000, 0x0000000093f00000|100%| O|  |TAMS 0x0000000093e00000| PB 0x0000000093e00000| Untracked |  0
| 153|0x0000000093f00000, 0x0000000094000000, 0x0000000094000000|100%| O|  |TAMS 0x0000000093f00000| PB 0x0000000093f00000| Untracked |  0
| 154|0x0000000094000000, 0x0000000094100000, 0x0000000094100000|100%| O|  |TAMS 0x0000000094000000| PB 0x0000000094000000| Untracked |  0
| 155|0x0000000094100000, 0x0000000094200000, 0x0000000094200000|100%| O|  |TAMS 0x0000000094100000| PB 0x0000000094100000| Untracked |  0
| 156|0x0000000094200000, 0x0000000094300000, 0x0000000094300000|100%| O|  |TAMS 0x0000000094200000| PB 0x0000000094200000| Untracked |  0
| 157|0x0000000094300000, 0x0000000094400000, 0x0000000094400000|100%| O|  |TAMS 0x0000000094300000| PB 0x0000000094300000| Untracked |  0
| 158|0x0000000094400000, 0x0000000094400000, 0x0000000094500000|  0%| F|  |TAMS 0x0000000094400000| PB 0x0000000094400000| Untracked |  0
| 159|0x0000000094500000, 0x0000000094600000, 0x0000000094600000|100%| O|  |TAMS 0x0000000094500000| PB 0x0000000094500000| Untracked |  0
| 160|0x0000000094600000, 0x0000000094700000, 0x0000000094700000|100%| O|  |TAMS 0x0000000094600000| PB 0x0000000094600000| Untracked |  0
| 161|0x0000000094700000, 0x0000000094800000, 0x0000000094800000|100%| O|  |TAMS 0x0000000094700000| PB 0x0000000094700000| Untracked |  0
| 162|0x0000000094800000, 0x0000000094800000, 0x0000000094900000|  0%| F|  |TAMS 0x0000000094800000| PB 0x0000000094800000| Untracked |  0
| 163|0x0000000094900000, 0x0000000094900000, 0x0000000094a00000|  0%| F|  |TAMS 0x0000000094900000| PB 0x0000000094900000| Untracked |  0
| 164|0x0000000094a00000, 0x0000000094b00000, 0x0000000094b00000|100%|HS|  |TAMS 0x0000000094a00000| PB 0x0000000094a00000| Complete |  0
| 165|0x0000000094b00000, 0x0000000094c00000, 0x0000000094c00000|100%|HC|  |TAMS 0x0000000094b00000| PB 0x0000000094b00000| Complete |  0
| 166|0x0000000094c00000, 0x0000000094d00000, 0x0000000094d00000|100%|HC|  |TAMS 0x0000000094c00000| PB 0x0000000094c00000| Complete |  0
| 167|0x0000000094d00000, 0x0000000094e00000, 0x0000000094e00000|100%|HC|  |TAMS 0x0000000094d00000| PB 0x0000000094d00000| Complete |  0
| 168|0x0000000094e00000, 0x0000000094f00000, 0x0000000094f00000|100%| O|  |TAMS 0x0000000094e00000| PB 0x0000000094e00000| Untracked |  0
| 169|0x0000000094f00000, 0x0000000095000000, 0x0000000095000000|100%| O|  |TAMS 0x0000000094f00000| PB 0x0000000094f00000| Untracked |  0
| 170|0x0000000095000000, 0x0000000095100000, 0x0000000095100000|100%| O|  |TAMS 0x0000000095000000| PB 0x0000000095000000| Untracked |  0
| 171|0x0000000095100000, 0x0000000095200000, 0x0000000095200000|100%| O|  |TAMS 0x0000000095100000| PB 0x0000000095100000| Untracked |  0
| 172|0x0000000095200000, 0x0000000095300000, 0x0000000095300000|100%| O|  |TAMS 0x0000000095200000| PB 0x0000000095200000| Untracked |  0
| 173|0x0000000095300000, 0x0000000095400000, 0x0000000095400000|100%| O|  |TAMS 0x0000000095300000| PB 0x0000000095300000| Untracked |  0
| 174|0x0000000095400000, 0x0000000095500000, 0x0000000095500000|100%| O|  |TAMS 0x0000000095400000| PB 0x0000000095400000| Untracked |  0
| 175|0x0000000095500000, 0x0000000095600000, 0x0000000095600000|100%| O|  |TAMS 0x0000000095500000| PB 0x0000000095500000| Untracked |  0
| 176|0x0000000095600000, 0x0000000095700000, 0x0000000095700000|100%| O|  |TAMS 0x0000000095600000| PB 0x0000000095600000| Untracked |  0
| 177|0x0000000095700000, 0x0000000095800000, 0x0000000095800000|100%| O|  |TAMS 0x0000000095700000| PB 0x0000000095700000| Untracked |  0
| 178|0x0000000095800000, 0x0000000095900000, 0x0000000095900000|100%| O|  |TAMS 0x0000000095800000| PB 0x0000000095800000| Untracked |  0
| 179|0x0000000095900000, 0x0000000095a00000, 0x0000000095a00000|100%| O|  |TAMS 0x0000000095900000| PB 0x0000000095900000| Untracked |  0
| 180|0x0000000095a00000, 0x0000000095b00000, 0x0000000095b00000|100%| O|  |TAMS 0x0000000095a00000| PB 0x0000000095a00000| Untracked |  0
| 181|0x0000000095b00000, 0x0000000095c00000, 0x0000000095c00000|100%| O|  |TAMS 0x0000000095b00000| PB 0x0000000095b00000| Untracked |  0
| 182|0x0000000095c00000, 0x0000000095d00000, 0x0000000095d00000|100%| O|  |TAMS 0x0000000095c00000| PB 0x0000000095c00000| Untracked |  0
| 183|0x0000000095d00000, 0x0000000095e00000, 0x0000000095e00000|100%| O|  |TAMS 0x0000000095d00000| PB 0x0000000095d00000| Untracked |  0
| 184|0x0000000095e00000, 0x0000000095f00000, 0x0000000095f00000|100%| O|  |TAMS 0x0000000095e00000| PB 0x0000000095e00000| Untracked |  0
| 185|0x0000000095f00000, 0x0000000096000000, 0x0000000096000000|100%| O|  |TAMS 0x0000000095f00000| PB 0x0000000095f00000| Untracked |  0
| 186|0x0000000096000000, 0x0000000096100000, 0x0000000096100000|100%| O|  |TAMS 0x0000000096000000| PB 0x0000000096000000| Untracked |  0
| 187|0x0000000096100000, 0x0000000096200000, 0x0000000096200000|100%| O|  |TAMS 0x0000000096100000| PB 0x0000000096100000| Untracked |  0
| 188|0x0000000096200000, 0x0000000096300000, 0x0000000096300000|100%| O|  |TAMS 0x0000000096200000| PB 0x0000000096200000| Untracked |  0
| 189|0x0000000096300000, 0x0000000096400000, 0x0000000096400000|100%| O|  |TAMS 0x0000000096300000| PB 0x0000000096300000| Untracked |  0
| 190|0x0000000096400000, 0x0000000096500000, 0x0000000096500000|100%| O|  |TAMS 0x0000000096400000| PB 0x0000000096400000| Untracked |  0
| 191|0x0000000096500000, 0x0000000096600000, 0x0000000096600000|100%| O|  |TAMS 0x0000000096500000| PB 0x0000000096500000| Untracked |  0
| 192|0x0000000096600000, 0x0000000096700000, 0x0000000096700000|100%| O|  |TAMS 0x0000000096600000| PB 0x0000000096600000| Untracked |  0
| 193|0x0000000096700000, 0x0000000096700000, 0x0000000096800000|  0%| F|  |TAMS 0x0000000096700000| PB 0x0000000096700000| Untracked |  0
| 194|0x0000000096800000, 0x0000000096800000, 0x0000000096900000|  0%| F|  |TAMS 0x0000000096800000| PB 0x0000000096800000| Untracked |  0
| 195|0x0000000096900000, 0x0000000096a00000, 0x0000000096a00000|100%| O|  |TAMS 0x0000000096900000| PB 0x0000000096900000| Untracked |  0
| 196|0x0000000096a00000, 0x0000000096b00000, 0x0000000096b00000|100%| O|  |TAMS 0x0000000096a00000| PB 0x0000000096a00000| Untracked |  0
| 197|0x0000000096b00000, 0x0000000096c00000, 0x0000000096c00000|100%| O|  |TAMS 0x0000000096b00000| PB 0x0000000096b00000| Untracked |  0
| 198|0x0000000096c00000, 0x0000000096d00000, 0x0000000096d00000|100%| O|  |TAMS 0x0000000096c00000| PB 0x0000000096c00000| Untracked |  0
| 199|0x0000000096d00000, 0x0000000096e00000, 0x0000000096e00000|100%| O|  |TAMS 0x0000000096d00000| PB 0x0000000096d00000| Untracked |  0
| 200|0x0000000096e00000, 0x0000000096f00000, 0x0000000096f00000|100%| O|  |TAMS 0x0000000096e00000| PB 0x0000000096e00000| Untracked |  0
| 201|0x0000000096f00000, 0x0000000097000000, 0x0000000097000000|100%| O|  |TAMS 0x0000000096f00000| PB 0x0000000096f00000| Untracked |  0
| 202|0x0000000097000000, 0x0000000097100000, 0x0000000097100000|100%| O|  |TAMS 0x0000000097000000| PB 0x0000000097000000| Untracked |  0
| 203|0x0000000097100000, 0x0000000097200000, 0x0000000097200000|100%| O|  |TAMS 0x0000000097100000| PB 0x0000000097100000| Untracked |  0
| 204|0x0000000097200000, 0x0000000097300000, 0x0000000097300000|100%| O|  |TAMS 0x0000000097200000| PB 0x0000000097200000| Untracked |  0
| 205|0x0000000097300000, 0x0000000097400000, 0x0000000097400000|100%| O|  |TAMS 0x0000000097300000| PB 0x0000000097300000| Untracked |  0
| 206|0x0000000097400000, 0x0000000097500000, 0x0000000097500000|100%| O|  |TAMS 0x0000000097400000| PB 0x0000000097400000| Untracked |  0
| 207|0x0000000097500000, 0x0000000097600000, 0x0000000097600000|100%| O|  |TAMS 0x0000000097500000| PB 0x0000000097500000| Untracked |  0
| 208|0x0000000097600000, 0x0000000097700000, 0x0000000097700000|100%| O|  |TAMS 0x0000000097600000| PB 0x0000000097600000| Untracked |  0
| 209|0x0000000097700000, 0x0000000097800000, 0x0000000097800000|100%| O|  |TAMS 0x0000000097700000| PB 0x0000000097700000| Untracked |  0
| 210|0x0000000097800000, 0x0000000097900000, 0x0000000097900000|100%| O|  |TAMS 0x0000000097800000| PB 0x0000000097800000| Untracked |  0
| 211|0x0000000097900000, 0x0000000097a00000, 0x0000000097a00000|100%| O|  |TAMS 0x0000000097900000| PB 0x0000000097900000| Untracked |  0
| 212|0x0000000097a00000, 0x0000000097b00000, 0x0000000097b00000|100%| O|  |TAMS 0x0000000097a00000| PB 0x0000000097a00000| Untracked |  0
| 213|0x0000000097b00000, 0x0000000097c00000, 0x0000000097c00000|100%| O|  |TAMS 0x0000000097b00000| PB 0x0000000097b00000| Untracked |  0
| 214|0x0000000097c00000, 0x0000000097d00000, 0x0000000097d00000|100%| O|  |TAMS 0x0000000097c00000| PB 0x0000000097c00000| Untracked |  0
| 215|0x0000000097d00000, 0x0000000097e00000, 0x0000000097e00000|100%| O|  |TAMS 0x0000000097d00000| PB 0x0000000097d00000| Untracked |  0
| 216|0x0000000097e00000, 0x0000000097f00000, 0x0000000097f00000|100%| O|  |TAMS 0x0000000097e00000| PB 0x0000000097e00000| Untracked |  0
| 217|0x0000000097f00000, 0x0000000098000000, 0x0000000098000000|100%| O|  |TAMS 0x0000000097f00000| PB 0x0000000097f00000| Untracked |  0
| 218|0x0000000098000000, 0x0000000098100000, 0x0000000098100000|100%| O|  |TAMS 0x0000000098000000| PB 0x0000000098000000| Untracked |  0
| 219|0x0000000098100000, 0x0000000098200000, 0x0000000098200000|100%| O|  |TAMS 0x0000000098100000| PB 0x0000000098100000| Untracked |  0
| 220|0x0000000098200000, 0x0000000098300000, 0x0000000098300000|100%| O|  |TAMS 0x0000000098200000| PB 0x0000000098200000| Untracked |  0
| 221|0x0000000098300000, 0x0000000098400000, 0x0000000098400000|100%| O|  |TAMS 0x0000000098300000| PB 0x0000000098300000| Untracked |  0
| 222|0x0000000098400000, 0x0000000098500000, 0x0000000098500000|100%| O|  |TAMS 0x0000000098400000| PB 0x0000000098400000| Untracked |  0
| 223|0x0000000098500000, 0x0000000098600000, 0x0000000098600000|100%| O|  |TAMS 0x0000000098500000| PB 0x0000000098500000| Untracked |  0
| 224|0x0000000098600000, 0x0000000098700000, 0x0000000098700000|100%| O|  |TAMS 0x0000000098600000| PB 0x0000000098600000| Untracked |  0
| 225|0x0000000098700000, 0x0000000098800000, 0x0000000098800000|100%| O|  |TAMS 0x0000000098700000| PB 0x0000000098700000| Untracked |  0
| 226|0x0000000098800000, 0x0000000098900000, 0x0000000098900000|100%| O|  |TAMS 0x0000000098800000| PB 0x0000000098800000| Untracked |  0
| 227|0x0000000098900000, 0x0000000098a00000, 0x0000000098a00000|100%| O|  |TAMS 0x0000000098900000| PB 0x0000000098900000| Untracked |  0
| 228|0x0000000098a00000, 0x0000000098b00000, 0x0000000098b00000|100%| O|  |TAMS 0x0000000098a00000| PB 0x0000000098a00000| Untracked |  0
| 229|0x0000000098b00000, 0x0000000098c00000, 0x0000000098c00000|100%| O|  |TAMS 0x0000000098b00000| PB 0x0000000098b00000| Untracked |  0
| 230|0x0000000098c00000, 0x0000000098d00000, 0x0000000098d00000|100%| O|  |TAMS 0x0000000098c00000| PB 0x0000000098c00000| Untracked |  0
| 231|0x0000000098d00000, 0x0000000098e00000, 0x0000000098e00000|100%| O|  |TAMS 0x0000000098d00000| PB 0x0000000098d00000| Untracked |  0
| 232|0x0000000098e00000, 0x0000000098f00000, 0x0000000098f00000|100%| O|  |TAMS 0x0000000098e00000| PB 0x0000000098e00000| Untracked |  0
| 233|0x0000000098f00000, 0x0000000099000000, 0x0000000099000000|100%| O|  |TAMS 0x0000000098f00000| PB 0x0000000098f00000| Untracked |  0
| 234|0x0000000099000000, 0x0000000099100000, 0x0000000099100000|100%| O|  |TAMS 0x0000000099000000| PB 0x0000000099000000| Untracked |  0
| 235|0x0000000099100000, 0x0000000099200000, 0x0000000099200000|100%| O|  |TAMS 0x0000000099100000| PB 0x0000000099100000| Untracked |  0
| 236|0x0000000099200000, 0x0000000099300000, 0x0000000099300000|100%| O|  |TAMS 0x0000000099200000| PB 0x0000000099200000| Untracked |  0
| 237|0x0000000099300000, 0x0000000099400000, 0x0000000099400000|100%| O|  |TAMS 0x0000000099300000| PB 0x0000000099300000| Untracked |  0
| 238|0x0000000099400000, 0x0000000099500000, 0x0000000099500000|100%| O|  |TAMS 0x0000000099400000| PB 0x0000000099400000| Untracked |  0
| 239|0x0000000099500000, 0x0000000099600000, 0x0000000099600000|100%| O|  |TAMS 0x0000000099500000| PB 0x0000000099500000| Untracked |  0
| 240|0x0000000099600000, 0x0000000099700000, 0x0000000099700000|100%| O|  |TAMS 0x0000000099600000| PB 0x0000000099600000| Untracked |  0
| 241|0x0000000099700000, 0x0000000099800000, 0x0000000099800000|100%| O|  |TAMS 0x0000000099700000| PB 0x0000000099700000| Untracked |  0
| 242|0x0000000099800000, 0x0000000099900000, 0x0000000099900000|100%| O|  |TAMS 0x0000000099800000| PB 0x0000000099800000| Untracked |  0
| 243|0x0000000099900000, 0x0000000099900000, 0x0000000099a00000|  0%| F|  |TAMS 0x0000000099900000| PB 0x0000000099900000| Untracked |  0
| 244|0x0000000099a00000, 0x0000000099a00000, 0x0000000099b00000|  0%| F|  |TAMS 0x0000000099a00000| PB 0x0000000099a00000| Untracked |  0
| 245|0x0000000099b00000, 0x0000000099b00000, 0x0000000099c00000|  0%| F|  |TAMS 0x0000000099b00000| PB 0x0000000099b00000| Untracked |  0
| 246|0x0000000099c00000, 0x0000000099c00000, 0x0000000099d00000|  0%| F|  |TAMS 0x0000000099c00000| PB 0x0000000099c00000| Untracked |  0
| 247|0x0000000099d00000, 0x0000000099d00000, 0x0000000099e00000|  0%| F|  |TAMS 0x0000000099d00000| PB 0x0000000099d00000| Untracked |  0
| 248|0x0000000099e00000, 0x0000000099e00000, 0x0000000099f00000|  0%| F|  |TAMS 0x0000000099e00000| PB 0x0000000099e00000| Untracked |  0
| 249|0x0000000099f00000, 0x0000000099f00000, 0x000000009a000000|  0%| F|  |TAMS 0x0000000099f00000| PB 0x0000000099f00000| Untracked |  0
| 250|0x000000009a000000, 0x000000009a000000, 0x000000009a100000|  0%| F|  |TAMS 0x000000009a000000| PB 0x000000009a000000| Untracked |  0
| 251|0x000000009a100000, 0x000000009a100000, 0x000000009a200000|  0%| F|  |TAMS 0x000000009a100000| PB 0x000000009a100000| Untracked |  0
| 252|0x000000009a200000, 0x000000009a200000, 0x000000009a300000|  0%| F|  |TAMS 0x000000009a200000| PB 0x000000009a200000| Untracked |  0
| 253|0x000000009a300000, 0x000000009a300000, 0x000000009a400000|  0%| F|  |TAMS 0x000000009a300000| PB 0x000000009a300000| Untracked |  0
| 254|0x000000009a400000, 0x000000009a400000, 0x000000009a500000|  0%| F|  |TAMS 0x000000009a400000| PB 0x000000009a400000| Untracked |  0
| 255|0x000000009a500000, 0x000000009a500000, 0x000000009a600000|  0%| F|  |TAMS 0x000000009a500000| PB 0x000000009a500000| Untracked |  0
| 256|0x000000009a600000, 0x000000009a600000, 0x000000009a700000|  0%| F|  |TAMS 0x000000009a600000| PB 0x000000009a600000| Untracked |  0
| 257|0x000000009a700000, 0x000000009a800000, 0x000000009a800000|100%| O|  |TAMS 0x000000009a700000| PB 0x000000009a700000| Untracked |  0
| 258|0x000000009a800000, 0x000000009a8f45a0, 0x000000009a900000| 95%| O|  |TAMS 0x000000009a800000| PB 0x000000009a800000| Untracked |  0
| 259|0x000000009a900000, 0x000000009a900000, 0x000000009aa00000|  0%| F|  |TAMS 0x000000009a900000| PB 0x000000009a900000| Untracked |  0
| 260|0x000000009aa00000, 0x000000009aa00000, 0x000000009ab00000|  0%| F|  |TAMS 0x000000009aa00000| PB 0x000000009aa00000| Untracked |  0
| 261|0x000000009ab00000, 0x000000009ab00000, 0x000000009ac00000|  0%| F|  |TAMS 0x000000009ab00000| PB 0x000000009ab00000| Untracked |  0
| 262|0x000000009ac00000, 0x000000009ad00000, 0x000000009ad00000|100%| S|CS|TAMS 0x000000009ac00000| PB 0x000000009ac00000| Complete |  0
| 263|0x000000009ad00000, 0x000000009ae00000, 0x000000009ae00000|100%| S|CS|TAMS 0x000000009ad00000| PB 0x000000009ad00000| Complete |  0
| 264|0x000000009ae00000, 0x000000009af00000, 0x000000009af00000|100%| S|CS|TAMS 0x000000009ae00000| PB 0x000000009ae00000| Complete |  0
| 265|0x000000009af00000, 0x000000009b000000, 0x000000009b000000|100%| S|CS|TAMS 0x000000009af00000| PB 0x000000009af00000| Complete |  0
| 266|0x000000009b000000, 0x000000009b100000, 0x000000009b100000|100%| S|CS|TAMS 0x000000009b000000| PB 0x000000009b000000| Complete |  0
| 267|0x000000009b100000, 0x000000009b200000, 0x000000009b200000|100%| S|CS|TAMS 0x000000009b100000| PB 0x000000009b100000| Complete |  0
| 268|0x000000009b200000, 0x000000009b300000, 0x000000009b300000|100%| S|CS|TAMS 0x000000009b200000| PB 0x000000009b200000| Complete |  0
| 269|0x000000009b300000, 0x000000009b400000, 0x000000009b400000|100%| S|CS|TAMS 0x000000009b300000| PB 0x000000009b300000| Complete |  0
| 270|0x000000009b400000, 0x000000009b500000, 0x000000009b500000|100%| S|CS|TAMS 0x000000009b400000| PB 0x000000009b400000| Complete |  0
| 271|0x000000009b500000, 0x000000009b600000, 0x000000009b600000|100%| S|CS|TAMS 0x000000009b500000| PB 0x000000009b500000| Complete |  0
| 272|0x000000009b600000, 0x000000009b700000, 0x000000009b700000|100%| S|CS|TAMS 0x000000009b600000| PB 0x000000009b600000| Complete |  0
| 273|0x000000009b700000, 0x000000009b800000, 0x000000009b800000|100%| S|CS|TAMS 0x000000009b700000| PB 0x000000009b700000| Complete |  0
| 274|0x000000009b800000, 0x000000009b900000, 0x000000009b900000|100%| S|CS|TAMS 0x000000009b800000| PB 0x000000009b800000| Complete |  0
| 275|0x000000009b900000, 0x000000009ba00000, 0x000000009ba00000|100%| S|CS|TAMS 0x000000009b900000| PB 0x000000009b900000| Complete |  0
| 276|0x000000009ba00000, 0x000000009ba00000, 0x000000009bb00000|  0%| F|  |TAMS 0x000000009ba00000| PB 0x000000009ba00000| Untracked |  0
| 277|0x000000009bb00000, 0x000000009bb00000, 0x000000009bc00000|  0%| F|  |TAMS 0x000000009bb00000| PB 0x000000009bb00000| Untracked |  0
| 278|0x000000009bc00000, 0x000000009bc00000, 0x000000009bd00000|  0%| F|  |TAMS 0x000000009bc00000| PB 0x000000009bc00000| Untracked |  0
| 279|0x000000009bd00000, 0x000000009bd00000, 0x000000009be00000|  0%| F|  |TAMS 0x000000009bd00000| PB 0x000000009bd00000| Untracked |  0
| 280|0x000000009be00000, 0x000000009be00000, 0x000000009bf00000|  0%| F|  |TAMS 0x000000009be00000| PB 0x000000009be00000| Untracked |  0
| 281|0x000000009bf00000, 0x000000009bf00000, 0x000000009c000000|  0%| F|  |TAMS 0x000000009bf00000| PB 0x000000009bf00000| Untracked |  0
| 282|0x000000009c000000, 0x000000009c000000, 0x000000009c100000|  0%| F|  |TAMS 0x000000009c000000| PB 0x000000009c000000| Untracked |  0
| 283|0x000000009c100000, 0x000000009c100000, 0x000000009c200000|  0%| F|  |TAMS 0x000000009c100000| PB 0x000000009c100000| Untracked |  0
| 284|0x000000009c200000, 0x000000009c200000, 0x000000009c300000|  0%| F|  |TAMS 0x000000009c200000| PB 0x000000009c200000| Untracked |  0
| 285|0x000000009c300000, 0x000000009c300000, 0x000000009c400000|  0%| F|  |TAMS 0x000000009c300000| PB 0x000000009c300000| Untracked |  0
| 286|0x000000009c400000, 0x000000009c400000, 0x000000009c500000|  0%| F|  |TAMS 0x000000009c400000| PB 0x000000009c400000| Untracked |  0
| 287|0x000000009c500000, 0x000000009c500000, 0x000000009c600000|  0%| F|  |TAMS 0x000000009c500000| PB 0x000000009c500000| Untracked |  0
| 288|0x000000009c600000, 0x000000009c600000, 0x000000009c700000|  0%| F|  |TAMS 0x000000009c600000| PB 0x000000009c600000| Untracked |  0
| 289|0x000000009c700000, 0x000000009c700000, 0x000000009c800000|  0%| F|  |TAMS 0x000000009c700000| PB 0x000000009c700000| Untracked |  0
| 290|0x000000009c800000, 0x000000009c800000, 0x000000009c900000|  0%| F|  |TAMS 0x000000009c800000| PB 0x000000009c800000| Untracked |  0
| 291|0x000000009c900000, 0x000000009c900000, 0x000000009ca00000|  0%| F|  |TAMS 0x000000009c900000| PB 0x000000009c900000| Untracked |  0
| 292|0x000000009ca00000, 0x000000009ca00000, 0x000000009cb00000|  0%| F|  |TAMS 0x000000009ca00000| PB 0x000000009ca00000| Untracked |  0
| 293|0x000000009cb00000, 0x000000009cb00000, 0x000000009cc00000|  0%| F|  |TAMS 0x000000009cb00000| PB 0x000000009cb00000| Untracked |  0
| 294|0x000000009cc00000, 0x000000009cc00000, 0x000000009cd00000|  0%| F|  |TAMS 0x000000009cc00000| PB 0x000000009cc00000| Untracked |  0
| 295|0x000000009cd00000, 0x000000009cd00000, 0x000000009ce00000|  0%| F|  |TAMS 0x000000009cd00000| PB 0x000000009cd00000| Untracked |  0
| 296|0x000000009ce00000, 0x000000009ce00000, 0x000000009cf00000|  0%| F|  |TAMS 0x000000009ce00000| PB 0x000000009ce00000| Untracked |  0
| 297|0x000000009cf00000, 0x000000009cf00000, 0x000000009d000000|  0%| F|  |TAMS 0x000000009cf00000| PB 0x000000009cf00000| Untracked |  0
| 298|0x000000009d000000, 0x000000009d000000, 0x000000009d100000|  0%| F|  |TAMS 0x000000009d000000| PB 0x000000009d000000| Untracked |  0
| 299|0x000000009d100000, 0x000000009d100000, 0x000000009d200000|  0%| F|  |TAMS 0x000000009d100000| PB 0x000000009d100000| Untracked |  0
| 300|0x000000009d200000, 0x000000009d200000, 0x000000009d300000|  0%| F|  |TAMS 0x000000009d200000| PB 0x000000009d200000| Untracked |  0
| 301|0x000000009d300000, 0x000000009d300000, 0x000000009d400000|  0%| F|  |TAMS 0x000000009d300000| PB 0x000000009d300000| Untracked |  0
| 302|0x000000009d400000, 0x000000009d400000, 0x000000009d500000|  0%| F|  |TAMS 0x000000009d400000| PB 0x000000009d400000| Untracked |  0
| 303|0x000000009d500000, 0x000000009d500000, 0x000000009d600000|  0%| F|  |TAMS 0x000000009d500000| PB 0x000000009d500000| Untracked |  0
| 304|0x000000009d600000, 0x000000009d600000, 0x000000009d700000|  0%| F|  |TAMS 0x000000009d600000| PB 0x000000009d600000| Untracked |  0
| 305|0x000000009d700000, 0x000000009d700000, 0x000000009d800000|  0%| F|  |TAMS 0x000000009d700000| PB 0x000000009d700000| Untracked |  0
| 306|0x000000009d800000, 0x000000009d800000, 0x000000009d900000|  0%| F|  |TAMS 0x000000009d800000| PB 0x000000009d800000| Untracked |  0
| 307|0x000000009d900000, 0x000000009d900000, 0x000000009da00000|  0%| F|  |TAMS 0x000000009d900000| PB 0x000000009d900000| Untracked |  0
| 308|0x000000009da00000, 0x000000009da00000, 0x000000009db00000|  0%| F|  |TAMS 0x000000009da00000| PB 0x000000009da00000| Untracked |  0
| 309|0x000000009db00000, 0x000000009db00000, 0x000000009dc00000|  0%| F|  |TAMS 0x000000009db00000| PB 0x000000009db00000| Untracked |  0
| 310|0x000000009dc00000, 0x000000009dc00000, 0x000000009dd00000|  0%| F|  |TAMS 0x000000009dc00000| PB 0x000000009dc00000| Untracked |  0
| 311|0x000000009dd00000, 0x000000009dd00000, 0x000000009de00000|  0%| F|  |TAMS 0x000000009dd00000| PB 0x000000009dd00000| Untracked |  0
| 312|0x000000009de00000, 0x000000009de00000, 0x000000009df00000|  0%| F|  |TAMS 0x000000009de00000| PB 0x000000009de00000| Untracked |  0
| 313|0x000000009df00000, 0x000000009df00000, 0x000000009e000000|  0%| F|  |TAMS 0x000000009df00000| PB 0x000000009df00000| Untracked |  0
| 314|0x000000009e000000, 0x000000009e000000, 0x000000009e100000|  0%| F|  |TAMS 0x000000009e000000| PB 0x000000009e000000| Untracked |  0
| 315|0x000000009e100000, 0x000000009e100000, 0x000000009e200000|  0%| F|  |TAMS 0x000000009e100000| PB 0x000000009e100000| Untracked |  0
| 316|0x000000009e200000, 0x000000009e200000, 0x000000009e300000|  0%| F|  |TAMS 0x000000009e200000| PB 0x000000009e200000| Untracked |  0
| 317|0x000000009e300000, 0x000000009e300000, 0x000000009e400000|  0%| F|  |TAMS 0x000000009e300000| PB 0x000000009e300000| Untracked |  0
| 318|0x000000009e400000, 0x000000009e400000, 0x000000009e500000|  0%| F|  |TAMS 0x000000009e400000| PB 0x000000009e400000| Untracked |  0
| 319|0x000000009e500000, 0x000000009e500000, 0x000000009e600000|  0%| F|  |TAMS 0x000000009e500000| PB 0x000000009e500000| Untracked |  0
| 320|0x000000009e600000, 0x000000009e600000, 0x000000009e700000|  0%| F|  |TAMS 0x000000009e600000| PB 0x000000009e600000| Untracked |  0
| 321|0x000000009e700000, 0x000000009e700000, 0x000000009e800000|  0%| F|  |TAMS 0x000000009e700000| PB 0x000000009e700000| Untracked |  0
| 322|0x000000009e800000, 0x000000009e800000, 0x000000009e900000|  0%| F|  |TAMS 0x000000009e800000| PB 0x000000009e800000| Untracked |  0
| 323|0x000000009e900000, 0x000000009e900000, 0x000000009ea00000|  0%| F|  |TAMS 0x000000009e900000| PB 0x000000009e900000| Untracked |  0
| 324|0x000000009ea00000, 0x000000009ea00000, 0x000000009eb00000|  0%| F|  |TAMS 0x000000009ea00000| PB 0x000000009ea00000| Untracked |  0
| 325|0x000000009eb00000, 0x000000009eb00000, 0x000000009ec00000|  0%| F|  |TAMS 0x000000009eb00000| PB 0x000000009eb00000| Untracked |  0
| 326|0x000000009ec00000, 0x000000009ec00000, 0x000000009ed00000|  0%| F|  |TAMS 0x000000009ec00000| PB 0x000000009ec00000| Untracked |  0
| 327|0x000000009ed00000, 0x000000009ed00000, 0x000000009ee00000|  0%| F|  |TAMS 0x000000009ed00000| PB 0x000000009ed00000| Untracked |  0
| 328|0x000000009ee00000, 0x000000009ee00000, 0x000000009ef00000|  0%| F|  |TAMS 0x000000009ee00000| PB 0x000000009ee00000| Untracked |  0
| 329|0x000000009ef00000, 0x000000009ef00000, 0x000000009f000000|  0%| F|  |TAMS 0x000000009ef00000| PB 0x000000009ef00000| Untracked |  0
| 330|0x000000009f000000, 0x000000009f000000, 0x000000009f100000|  0%| F|  |TAMS 0x000000009f000000| PB 0x000000009f000000| Untracked |  0
| 331|0x000000009f100000, 0x000000009f100000, 0x000000009f200000|  0%| F|  |TAMS 0x000000009f100000| PB 0x000000009f100000| Untracked |  0
| 332|0x000000009f200000, 0x000000009f200000, 0x000000009f300000|  0%| F|  |TAMS 0x000000009f200000| PB 0x000000009f200000| Untracked |  0
| 333|0x000000009f300000, 0x000000009f300000, 0x000000009f400000|  0%| F|  |TAMS 0x000000009f300000| PB 0x000000009f300000| Untracked |  0
| 334|0x000000009f400000, 0x000000009f400000, 0x000000009f500000|  0%| F|  |TAMS 0x000000009f400000| PB 0x000000009f400000| Untracked |  0
| 335|0x000000009f500000, 0x000000009f500000, 0x000000009f600000|  0%| F|  |TAMS 0x000000009f500000| PB 0x000000009f500000| Untracked |  0
| 336|0x000000009f600000, 0x000000009f600000, 0x000000009f700000|  0%| F|  |TAMS 0x000000009f600000| PB 0x000000009f600000| Untracked |  0
| 337|0x000000009f700000, 0x000000009f700000, 0x000000009f800000|  0%| F|  |TAMS 0x000000009f700000| PB 0x000000009f700000| Untracked |  0
| 338|0x000000009f800000, 0x000000009f800000, 0x000000009f900000|  0%| F|  |TAMS 0x000000009f800000| PB 0x000000009f800000| Untracked |  0
| 339|0x000000009f900000, 0x000000009f900000, 0x000000009fa00000|  0%| F|  |TAMS 0x000000009f900000| PB 0x000000009f900000| Untracked |  0
| 340|0x000000009fa00000, 0x000000009fa00000, 0x000000009fb00000|  0%| F|  |TAMS 0x000000009fa00000| PB 0x000000009fa00000| Untracked |  0
| 341|0x000000009fb00000, 0x000000009fb00000, 0x000000009fc00000|  0%| F|  |TAMS 0x000000009fb00000| PB 0x000000009fb00000| Untracked |  0
| 342|0x000000009fc00000, 0x000000009fc00000, 0x000000009fd00000|  0%| F|  |TAMS 0x000000009fc00000| PB 0x000000009fc00000| Untracked |  0
| 343|0x000000009fd00000, 0x000000009fd00000, 0x000000009fe00000|  0%| F|  |TAMS 0x000000009fd00000| PB 0x000000009fd00000| Untracked |  0
| 344|0x000000009fe00000, 0x000000009fe00000, 0x000000009ff00000|  0%| F|  |TAMS 0x000000009fe00000| PB 0x000000009fe00000| Untracked |  0
| 345|0x000000009ff00000, 0x000000009ff00000, 0x00000000a0000000|  0%| F|  |TAMS 0x000000009ff00000| PB 0x000000009ff00000| Untracked |  0
| 346|0x00000000a0000000, 0x00000000a0000000, 0x00000000a0100000|  0%| F|  |TAMS 0x00000000a0000000| PB 0x00000000a0000000| Untracked |  0
| 347|0x00000000a0100000, 0x00000000a0100000, 0x00000000a0200000|  0%| F|  |TAMS 0x00000000a0100000| PB 0x00000000a0100000| Untracked |  0
| 348|0x00000000a0200000, 0x00000000a0200000, 0x00000000a0300000|  0%| F|  |TAMS 0x00000000a0200000| PB 0x00000000a0200000| Untracked |  0
| 349|0x00000000a0300000, 0x00000000a0300000, 0x00000000a0400000|  0%| F|  |TAMS 0x00000000a0300000| PB 0x00000000a0300000| Untracked |  0
| 350|0x00000000a0400000, 0x00000000a0400000, 0x00000000a0500000|  0%| F|  |TAMS 0x00000000a0400000| PB 0x00000000a0400000| Untracked |  0
| 351|0x00000000a0500000, 0x00000000a0500000, 0x00000000a0600000|  0%| F|  |TAMS 0x00000000a0500000| PB 0x00000000a0500000| Untracked |  0
| 352|0x00000000a0600000, 0x00000000a0600000, 0x00000000a0700000|  0%| F|  |TAMS 0x00000000a0600000| PB 0x00000000a0600000| Untracked |  0
| 353|0x00000000a0700000, 0x00000000a0700000, 0x00000000a0800000|  0%| F|  |TAMS 0x00000000a0700000| PB 0x00000000a0700000| Untracked |  0
| 354|0x00000000a0800000, 0x00000000a0800000, 0x00000000a0900000|  0%| F|  |TAMS 0x00000000a0800000| PB 0x00000000a0800000| Untracked |  0
| 355|0x00000000a0900000, 0x00000000a0900000, 0x00000000a0a00000|  0%| F|  |TAMS 0x00000000a0900000| PB 0x00000000a0900000| Untracked |  0
| 356|0x00000000a0a00000, 0x00000000a0a00000, 0x00000000a0b00000|  0%| F|  |TAMS 0x00000000a0a00000| PB 0x00000000a0a00000| Untracked |  0
| 357|0x00000000a0b00000, 0x00000000a0b00000, 0x00000000a0c00000|  0%| F|  |TAMS 0x00000000a0b00000| PB 0x00000000a0b00000| Untracked |  0
| 358|0x00000000a0c00000, 0x00000000a0c00000, 0x00000000a0d00000|  0%| F|  |TAMS 0x00000000a0c00000| PB 0x00000000a0c00000| Untracked |  0
| 359|0x00000000a0d00000, 0x00000000a0d00000, 0x00000000a0e00000|  0%| F|  |TAMS 0x00000000a0d00000| PB 0x00000000a0d00000| Untracked |  0
| 360|0x00000000a0e00000, 0x00000000a0e00000, 0x00000000a0f00000|  0%| F|  |TAMS 0x00000000a0e00000| PB 0x00000000a0e00000| Untracked |  0
| 361|0x00000000a0f00000, 0x00000000a0f00000, 0x00000000a1000000|  0%| F|  |TAMS 0x00000000a0f00000| PB 0x00000000a0f00000| Untracked |  0
| 362|0x00000000a1000000, 0x00000000a1000000, 0x00000000a1100000|  0%| F|  |TAMS 0x00000000a1000000| PB 0x00000000a1000000| Untracked |  0
| 363|0x00000000a1100000, 0x00000000a1100000, 0x00000000a1200000|  0%| F|  |TAMS 0x00000000a1100000| PB 0x00000000a1100000| Untracked |  0
| 364|0x00000000a1200000, 0x00000000a1200000, 0x00000000a1300000|  0%| F|  |TAMS 0x00000000a1200000| PB 0x00000000a1200000| Untracked |  0
| 365|0x00000000a1300000, 0x00000000a1300000, 0x00000000a1400000|  0%| F|  |TAMS 0x00000000a1300000| PB 0x00000000a1300000| Untracked |  0
| 366|0x00000000a1400000, 0x00000000a1400000, 0x00000000a1500000|  0%| F|  |TAMS 0x00000000a1400000| PB 0x00000000a1400000| Untracked |  0
| 367|0x00000000a1500000, 0x00000000a1500000, 0x00000000a1600000|  0%| F|  |TAMS 0x00000000a1500000| PB 0x00000000a1500000| Untracked |  0

Card table byte_map: [0x00000236de620000,0x00000236de9d0000] _byte_map_base: 0x00000236de1cd000

Marking Bits: (CMBitMap*) 0x00000236c6a2f9d0
 Bits: [0x00000236de9d0000, 0x00000236e0738000)

Polling page: 0x00000236c4960000

Metaspace:

Usage:
  Non-class:     48.59 MB used.
      Class:      5.93 MB used.
       Both:     54.52 MB used.

Virtual space:
  Non-class space:       64.00 MB reserved,      49.25 MB ( 77%) committed,  1 nodes.
      Class space:        1.00 GB reserved,       6.44 MB ( <1%) committed,  1 nodes.
             Both:        1.06 GB reserved,      55.69 MB (  5%) committed. 

Chunk freelists:
   Non-Class:  13.47 MB
       Class:  9.53 MB
        Both:  23.00 MB

MaxMetaspaceSize: unlimited
CompressedClassSpaceSize: 1.00 GB
Initial GC threshold: 21.00 MB
Current GC threshold: 92.75 MB
CDS: on
 - commit_granule_bytes: 65536.
 - commit_granule_words: 8192.
 - virtual_space_node_default_size: 8388608.
 - enlarge_chunks_in_place: 1.
 - use_allocation_guard: 0.


Internal statistics:

num_allocs_failed_limit: 6.
num_arena_births: 842.
num_arena_deaths: 0.
num_vsnodes_births: 2.
num_vsnodes_deaths: 0.
num_space_committed: 891.
num_space_uncommitted: 0.
num_chunks_returned_to_freelist: 6.
num_chunks_taken_from_freelist: 3081.
num_chunk_merges: 6.
num_chunk_splits: 1946.
num_chunks_enlarged: 1181.
num_inconsistent_stats: 0.

CodeHeap 'non-profiled nmethods': size=120000Kb used=4886Kb max_used=4886Kb free=115113Kb
 bounds [0x00000236d67f0000, 0x00000236d6cc0000, 0x00000236ddd20000]
CodeHeap 'profiled nmethods': size=120000Kb used=16223Kb max_used=16470Kb free=103776Kb
 bounds [0x00000236ced20000, 0x00000236cfd40000, 0x00000236d6250000]
CodeHeap 'non-nmethods': size=5760Kb used=1719Kb max_used=1825Kb free=4040Kb
 bounds [0x00000236d6250000, 0x00000236d64c0000, 0x00000236d67f0000]
 total_blobs=9035 nmethods=8290 adapters=647
 compilation: enabled
              stopped_count=0, restarted_count=0
 full_count=0

Compilation events (20 events):
Event: 17.155 Thread 0x00000236e33eaeb0 8885       4       java.util.Collections$SynchronizedCollection::iterator (10 bytes)
Event: 17.155 Thread 0x00000236e33eaeb0 nmethod 8885 0x00000236d6caf290 code [0x00000236d6caf420, 0x00000236d6caf4d0]
Event: 17.155 Thread 0x00000236e33eaeb0 9748       4       org.eclipse.jdt.internal.core.search.matching.ConstructorPattern::createDefaultDeclarationIndexKey (13 bytes)
Event: 17.156 Thread 0x00000236e33eaeb0 nmethod 9748 0x00000236d6caf590 code [0x00000236d6caf720, 0x00000236d6caf7d8]
Event: 17.156 Thread 0x00000236e33eaeb0 8835       4       org.eclipse.jdt.internal.core.index.Index::addIndexEntry (11 bytes)
Event: 17.156 Thread 0x00000236e33eaeb0 nmethod 8835 0x00000236d6caf890 code [0x00000236d6cafa20, 0x00000236d6cafb00]
Event: 17.157 Thread 0x00000236e33eaeb0 9876       4       org.eclipse.jdt.internal.compiler.util.JrtFileSystem$2::preVisitDirectory (136 bytes)
Event: 17.168 Thread 0x00000236c2ac6400 nmethod 9804 0x00000236d6cafc10 code [0x00000236d6cafe60, 0x00000236d6cb0a70]
Event: 17.170 Thread 0x00000236c2ac6400 9877       4       java.io.WinNTFileSystem::isLetter (30 bytes)
Event: 17.171 Thread 0x00000236c2ac6400 nmethod 9877 0x00000236d6cb1410 code [0x00000236d6cb15a0, 0x00000236d6cb1678]
Event: 17.174 Thread 0x00000236e33eaeb0 nmethod 9876 0x00000236d6cb1710 code [0x00000236d6cb1a00, 0x00000236d6cb2be0]
Event: 17.192 Thread 0x00000236e33eaeb0 9878       4       java.io.WinNTFileSystem::prefixLength (114 bytes)
Event: 17.194 Thread 0x00000236c2ac6400 9879       4       java.lang.Integer::toString (55 bytes)
Event: 17.195 Thread 0x00000236e33eaeb0 nmethod 9878 0x00000236d6cb3910 code [0x00000236d6cb3ae0, 0x00000236d6cb3e50]
Event: 17.199 Thread 0x00000236e33f3990 9880       3       org.apache.maven.artifact.handler.manager.DefaultArtifactHandlerManager::getArtifactHandler (62 bytes)
Event: 17.200 Thread 0x00000236e33f3990 nmethod 9880 0x00000236cfbc7110 code [0x00000236cfbc7300, 0x00000236cfbc7a80]
Event: 17.201 Thread 0x00000236c2ac6400 nmethod 9879 0x00000236d6cb4210 code [0x00000236d6cb43c0, 0x00000236d6cb4a88]
Event: 17.205 Thread 0x00000236c2ac6400 9881       4       org.eclipse.jdt.internal.core.search.indexing.AbstractIndexer::addTypeDeclaration (109 bytes)
Event: 17.208 Thread 0x00000236e33eaeb0 9882       4       java.lang.String::replace (42 bytes)
Event: 17.220 Thread 0x00000236e33eaeb0 nmethod 9882 0x00000236d6cb4d90 code [0x00000236d6cb4f40, 0x00000236d6cb5670]

GC Heap History (20 events):
Event: 14.591 GC heap after
{Heap after GC invocations=33 (full 0):
 garbage-first heap   total reserved 1927168K, committed 220160K, used 109863K [0x000000008a600000, 0x0000000100000000)
  region size 1024K, 6 young (6144K), 6 survivors (6144K)
 Metaspace       used 54893K, committed 56128K, reserved 1114112K
  class space    used 5994K, committed 6528K, reserved 1048576K
}
Event: 15.052 GC heap before
{Heap before GC invocations=33 (full 0):
 garbage-first heap   total reserved 1927168K, committed 220160K, used 188711K [0x000000008a600000, 0x0000000100000000)
  region size 1024K, 81 young (82944K), 6 survivors (6144K)
 Metaspace       used 54929K, committed 56192K, reserved 1114112K
  class space    used 5994K, committed 6528K, reserved 1048576K
}
Event: 15.062 GC heap after
{Heap after GC invocations=34 (full 0):
 garbage-first heap   total reserved 1927168K, committed 220160K, used 126590K [0x000000008a600000, 0x0000000100000000)
  region size 1024K, 11 young (11264K), 11 survivors (11264K)
 Metaspace       used 54929K, committed 56192K, reserved 1114112K
  class space    used 5994K, committed 6528K, reserved 1048576K
}
Event: 15.249 GC heap before
{Heap before GC invocations=34 (full 0):
 garbage-first heap   total reserved 1927168K, committed 220160K, used 190078K [0x000000008a600000, 0x0000000100000000)
  region size 1024K, 73 young (74752K), 11 survivors (11264K)
 Metaspace       used 54956K, committed 56192K, reserved 1114112K
  class space    used 5994K, committed 6528K, reserved 1048576K
}
Event: 15.260 GC heap after
{Heap after GC invocations=35 (full 0):
 garbage-first heap   total reserved 1927168K, committed 220160K, used 139605K [0x000000008a600000, 0x0000000100000000)
  region size 1024K, 10 young (10240K), 10 survivors (10240K)
 Metaspace       used 54956K, committed 56192K, reserved 1114112K
  class space    used 5994K, committed 6528K, reserved 1048576K
}
Event: 15.386 GC heap before
{Heap before GC invocations=35 (full 0):
 garbage-first heap   total reserved 1927168K, committed 220160K, used 194901K [0x000000008a600000, 0x0000000100000000)
  region size 1024K, 64 young (65536K), 10 survivors (10240K)
 Metaspace       used 55001K, committed 56256K, reserved 1114112K
  class space    used 5994K, committed 6528K, reserved 1048576K
}
Event: 15.394 GC heap after
{Heap after GC invocations=36 (full 0):
 garbage-first heap   total reserved 1927168K, committed 220160K, used 149504K [0x000000008a600000, 0x0000000100000000)
  region size 1024K, 8 young (8192K), 8 survivors (8192K)
 Metaspace       used 55001K, committed 56256K, reserved 1114112K
  class space    used 5994K, committed 6528K, reserved 1048576K
}
Event: 15.550 GC heap before
{Heap before GC invocations=37 (full 0):
 garbage-first heap   total reserved 1927168K, committed 247808K, used 197632K [0x000000008a600000, 0x0000000100000000)
  region size 1024K, 56 young (57344K), 8 survivors (8192K)
 Metaspace       used 55066K, committed 56256K, reserved 1114112K
  class space    used 5994K, committed 6528K, reserved 1048576K
}
Event: 15.558 GC heap after
{Heap after GC invocations=38 (full 0):
 garbage-first heap   total reserved 1927168K, committed 247808K, used 157696K [0x000000008a600000, 0x0000000100000000)
  region size 1024K, 7 young (7168K), 7 survivors (7168K)
 Metaspace       used 55066K, committed 56256K, reserved 1114112K
  class space    used 5994K, committed 6528K, reserved 1048576K
}
Event: 15.721 GC heap before
{Heap before GC invocations=38 (full 0):
 garbage-first heap   total reserved 1927168K, committed 247808K, used 220160K [0x000000008a600000, 0x0000000100000000)
  region size 1024K, 68 young (69632K), 7 survivors (7168K)
 Metaspace       used 55494K, committed 56704K, reserved 1114112K
  class space    used 6048K, committed 6528K, reserved 1048576K
}
Event: 15.744 GC heap after
{Heap after GC invocations=39 (full 0):
 garbage-first heap   total reserved 1927168K, committed 376832K, used 167100K [0x000000008a600000, 0x0000000100000000)
  region size 1024K, 9 young (9216K), 9 survivors (9216K)
 Metaspace       used 55494K, committed 56704K, reserved 1114112K
  class space    used 6048K, committed 6528K, reserved 1048576K
}
Event: 16.013 GC heap before
{Heap before GC invocations=39 (full 0):
 garbage-first heap   total reserved 1927168K, committed 376832K, used 307388K [0x000000008a600000, 0x0000000100000000)
  region size 1024K, 146 young (149504K), 9 survivors (9216K)
 Metaspace       used 55594K, committed 56768K, reserved 1114112K
  class space    used 6058K, committed 6528K, reserved 1048576K
}
Event: 16.028 GC heap after
{Heap after GC invocations=40 (full 0):
 garbage-first heap   total reserved 1927168K, committed 376832K, used 187230K [0x000000008a600000, 0x0000000100000000)
  region size 1024K, 19 young (19456K), 19 survivors (19456K)
 Metaspace       used 55594K, committed 56768K, reserved 1114112K
  class space    used 6058K, committed 6528K, reserved 1048576K
}
Event: 16.502 GC heap before
{Heap before GC invocations=40 (full 0):
 garbage-first heap   total reserved 1927168K, committed 376832K, used 320350K [0x000000008a600000, 0x0000000100000000)
  region size 1024K, 143 young (146432K), 19 survivors (19456K)
 Metaspace       used 55738K, committed 56960K, reserved 1114112K
  class space    used 6072K, committed 6592K, reserved 1048576K
}
Event: 16.523 GC heap after
{Heap after GC invocations=41 (full 0):
 garbage-first heap   total reserved 1927168K, committed 376832K, used 215040K [0x000000008a600000, 0x0000000100000000)
  region size 1024K, 18 young (18432K), 18 survivors (18432K)
 Metaspace       used 55738K, committed 56960K, reserved 1114112K
  class space    used 6072K, committed 6592K, reserved 1048576K
}
Event: 16.633 GC heap before
{Heap before GC invocations=41 (full 0):
 garbage-first heap   total reserved 1927168K, committed 376832K, used 235520K [0x000000008a600000, 0x0000000100000000)
  region size 1024K, 39 young (39936K), 18 survivors (18432K)
 Metaspace       used 55738K, committed 56960K, reserved 1114112K
  class space    used 6072K, committed 6592K, reserved 1048576K
}
Event: 16.644 GC heap after
{Heap after GC invocations=42 (full 0):
 garbage-first heap   total reserved 1927168K, committed 376832K, used 221561K [0x000000008a600000, 0x0000000100000000)
  region size 1024K, 5 young (5120K), 5 survivors (5120K)
 Metaspace       used 55738K, committed 56960K, reserved 1114112K
  class space    used 6072K, committed 6592K, reserved 1048576K
}
Event: 16.973 GC heap before
{Heap before GC invocations=43 (full 0):
 garbage-first heap   total reserved 1927168K, committed 376832K, used 328057K [0x000000008a600000, 0x0000000100000000)
  region size 1024K, 111 young (113664K), 5 survivors (5120K)
 Metaspace       used 55792K, committed 56960K, reserved 1114112K
  class space    used 6076K, committed 6592K, reserved 1048576K
}
Event: 16.984 GC heap after
{Heap after GC invocations=44 (full 0):
 garbage-first heap   total reserved 1927168K, committed 376832K, used 241367K [0x000000008a600000, 0x0000000100000000)
  region size 1024K, 14 young (14336K), 14 survivors (14336K)
 Metaspace       used 55792K, committed 56960K, reserved 1114112K
  class space    used 6076K, committed 6592K, reserved 1048576K
}
Event: 17.220 GC heap before
{Heap before GC invocations=44 (full 0):
 garbage-first heap   total reserved 1927168K, committed 376832K, used 335575K [0x000000008a600000, 0x0000000100000000)
  region size 1024K, 106 young (108544K), 14 survivors (14336K)
 Metaspace       used 55829K, committed 57024K, reserved 1114112K
  class space    used 6076K, committed 6592K, reserved 1048576K
}

Dll operation events (13 events):
Event: 0.011 Loaded shared library C:\Program Files\Java\jdk-22\bin\java.dll
Event: 0.042 Loaded shared library C:\Program Files\Java\jdk-22\bin\jsvml.dll
Event: 0.061 Loaded shared library C:\Program Files\Java\jdk-22\bin\net.dll
Event: 0.064 Loaded shared library C:\Program Files\Java\jdk-22\bin\nio.dll
Event: 0.069 Loaded shared library C:\Program Files\Java\jdk-22\bin\zip.dll
Event: 0.180 Loaded shared library C:\Program Files\Java\jdk-22\bin\jimage.dll
Event: 0.889 Loaded shared library C:\Users\Jay\.cache\opencode\bin\jdtls\config_win\org.eclipse.equinox.launcher\org.eclipse.equinox.launcher.win32.win32.x86_64_1.3.0.v20260203-2149\eclipse_11919.dll
Event: 1.795 Loaded shared library C:\Program Files\Java\jdk-22\bin\management.dll
Event: 1.799 Loaded shared library C:\Program Files\Java\jdk-22\bin\management_ext.dll
Event: 1.901 Loaded shared library C:\Program Files\Java\jdk-22\bin\verify.dll
Event: 2.889 Loaded shared library C:\Users\Jay\AppData\Local\Temp\jna-74242\jna143215211066146815.dll
Event: 3.167 Loaded shared library C:\Program Files\Java\jdk-22\bin\sunmscapi.dll
Event: 3.260 Loaded shared library C:\Program Files\Java\jdk-22\bin\extnet.dll

Deoptimization events (20 events):
Event: 16.601 Thread 0x00000236c2863db0 DEOPT PACKING pc=0x00000236cfd20fbb sp=0x0000005cee5fe690
Event: 16.601 Thread 0x00000236c2863db0 DEOPT UNPACKING pc=0x00000236d62a4e42 sp=0x0000005cee5fdbc8 mode 0
Event: 16.621 Thread 0x00000236c2863db0 DEOPT PACKING pc=0x00000236cfd20fbb sp=0x0000005cee5fe690
Event: 16.621 Thread 0x00000236c2863db0 DEOPT UNPACKING pc=0x00000236d62a4e42 sp=0x0000005cee5fdbc8 mode 0
Event: 16.830 Thread 0x00000236c2863db0 DEOPT PACKING pc=0x00000236cf586a09 sp=0x0000005cee5fe810
Event: 16.830 Thread 0x00000236c2863db0 DEOPT UNPACKING pc=0x00000236d62a4e42 sp=0x0000005cee5fdc68 mode 0
Event: 16.858 Thread 0x00000236c2863db0 Uncommon trap: trap_request=0xffffffe4 fr.pc=0x00000236d6c771b0 relative=0x0000000000001270
Event: 16.858 Thread 0x00000236c2863db0 Uncommon trap: reason=range_check action=make_not_entrant pc=0x00000236d6c771b0 method=org.eclipse.jdt.internal.core.search.matching.ConstructorPattern.createDeclarationIndexKey([CI[C[[C[[CI[CII)[C @ 352 c2
Event: 16.858 Thread 0x00000236c2863db0 DEOPT PACKING pc=0x00000236d6c771b0 sp=0x0000005cee5fe7c0
Event: 16.858 Thread 0x00000236c2863db0 DEOPT UNPACKING pc=0x00000236d62a46a2 sp=0x0000005cee5fe710 mode 2
Event: 16.877 Thread 0x00000236c2863db0 DEOPT PACKING pc=0x00000236cfbc9cf4 sp=0x0000005cee5fe7d0
Event: 16.877 Thread 0x00000236c2863db0 DEOPT UNPACKING pc=0x00000236d62a4e42 sp=0x0000005cee5fdc48 mode 0
Event: 16.911 Thread 0x00000236c2863db0 DEOPT PACKING pc=0x00000236cfbc9cf4 sp=0x0000005cee5fe7d0
Event: 16.911 Thread 0x00000236c2863db0 DEOPT UNPACKING pc=0x00000236d62a4e42 sp=0x0000005cee5fdc48 mode 0
Event: 16.938 Thread 0x00000236c2863db0 DEOPT PACKING pc=0x00000236cfbc9cf4 sp=0x0000005cee5fe7d0
Event: 16.938 Thread 0x00000236c2863db0 DEOPT UNPACKING pc=0x00000236d62a4e42 sp=0x0000005cee5fdc48 mode 0
Event: 16.985 Thread 0x00000236c2863db0 DEOPT PACKING pc=0x00000236cfbc9cf4 sp=0x0000005cee5fe7d0
Event: 16.985 Thread 0x00000236c2863db0 DEOPT UNPACKING pc=0x00000236d62a4e42 sp=0x0000005cee5fdc48 mode 0
Event: 17.030 Thread 0x00000236c2863db0 DEOPT PACKING pc=0x00000236cfbc9cf4 sp=0x0000005cee5fe7d0
Event: 17.030 Thread 0x00000236c2863db0 DEOPT UNPACKING pc=0x00000236d62a4e42 sp=0x0000005cee5fdc48 mode 0

Classes loaded (20 events):
Event: 15.612 Loading class java/io/ObjectInputStream$HandleTable$HandleList
Event: 15.612 Loading class java/io/ObjectInputStream$HandleTable$HandleList done
Event: 15.612 Loading class java/io/ObjectInputStream$ValidationList
Event: 15.612 Loading class java/io/ObjectInputStream$ValidationList done
Event: 15.612 Loading class java/io/ObjectInputFilter$Config
Event: 15.613 Loading class java/io/ObjectInputFilter$Config done
Event: 15.613 Loading class java/io/ObjectInputFilter
Event: 15.613 Loading class java/io/ObjectInputFilter done
Event: 15.614 Loading class java/io/ObjectInputFilter$Config$BuiltinFilterFactory
Event: 15.614 Loading class java/io/ObjectInputFilter$Config$BuiltinFilterFactory done
Event: 15.614 Loading class jdk/internal/access/JavaObjectInputFilterAccess
Event: 15.615 Loading class jdk/internal/access/JavaObjectInputFilterAccess done
Event: 15.616 Loading class jdk/internal/event/DeserializationEvent
Event: 15.617 Loading class jdk/internal/event/DeserializationEvent done
Event: 15.617 Loading class java/io/ObjectInputStream$FieldValues
Event: 15.617 Loading class java/io/ObjectInputStream$GetField
Event: 15.617 Loading class java/io/ObjectInputStream$GetField done
Event: 15.617 Loading class java/io/ObjectInputStream$FieldValues done
Event: 16.750 Loading class java/lang/invoke/MethodHandleImpl$CountingWrapper$1
Event: 16.751 Loading class java/lang/invoke/MethodHandleImpl$CountingWrapper$1 done

Classes unloaded (0 events):
No events

Classes redefined (0 events):
No events

Internal exceptions (20 events):
Event: 11.938 Thread 0x00000236c2865160 Exception <a 'java/io/FileNotFoundException'{0x000000008cc02300}> (0x000000008cc02300) 
thrown [s\open\src\hotspot\share\prims\jni.cpp, line 520]
Event: 11.942 Thread 0x00000236c2865160 Exception <a 'java/io/FileNotFoundException'{0x000000008cc8a9e8}> (0x000000008cc8a9e8) 
thrown [s\open\src\hotspot\share\prims\jni.cpp, line 520]
Event: 11.942 Thread 0x00000236c2865160 Exception <a 'java/io/FileNotFoundException'{0x000000008cc8b868}> (0x000000008cc8b868) 
thrown [s\open\src\hotspot\share\prims\jni.cpp, line 520]
Event: 11.943 Thread 0x00000236c2865160 Exception <a 'java/io/FileNotFoundException'{0x000000008cc8c528}> (0x000000008cc8c528) 
thrown [s\open\src\hotspot\share\prims\jni.cpp, line 520]
Event: 12.258 Thread 0x00000236e8b71860 Exception <a 'java/lang/NoSuchMethodError'{0x000000008d658368}: 'java.lang.Object java.lang.invoke.Invokers$Holder.invoke_MT(java.lang.Object, java.lang.Object, java.lang.Object, java.lang.Object, java.lang.Object, java.lang.Object, java.lang.Object, java.lang.Object, java.lang.Object, java.lang.Object)'> (0x000000008d658368) 
thrown [s\open\src\hotspot\share\interpreter\linkResolver.cpp, line 774]
Event: 12.266 Thread 0x00000236e8b71860 Exception <a 'java/lang/NoSuchMethodError'{0x000000008d694480}: 'java.lang.Object java.lang.invoke.Invokers$Holder.invoke_MT(java.lang.Object, java.lang.Object, java.lang.Object, java.lang.Object, java.lang.Object, java.lang.Object, java.lang.Object, java.lang.Object, java.lang.Object, java.lang.Object, java.lang.Object)'> (0x000000008d694480) 
thrown [s\open\src\hotspot\share\interpreter\linkResolver.cpp, line 774]
Event: 12.280 Thread 0x00000236e8b71860 Exception <a 'java/lang/NoSuchMethodError'{0x000000008d6ea0b0}: 'java.lang.Object java.lang.invoke.DirectMethodHandle$Holder.newInvokeSpecial(java.lang.Object, java.lang.Object, java.lang.Object, java.lang.Object, java.lang.Object, java.lang.Object, java.lang.Object, java.lang.Object)'> (0x000000008d6ea0b0) 
thrown [s\open\src\hotspot\share\interpreter\linkResolver.cpp, line 774]
Event: 12.284 Thread 0x00000236e8b71860 Exception <a 'java/lang/NoSuchMethodError'{0x000000008d6fdf58}: 'java.lang.Object java.lang.invoke.DirectMethodHandle$Holder.invokeStatic(java.lang.Object, java.lang.Object, int, java.lang.Object, java.lang.Object)'> (0x000000008d6fdf58) 
thrown [s\open\src\hotspot\share\interpreter\linkResolver.cpp, line 774]
Event: 12.284 Thread 0x00000236e8b71860 Exception <a 'java/lang/NoSuchMethodError'{0x000000008d504b50}: 'java.lang.Object java.lang.invoke.DirectMethodHandle$Holder.newInvokeSpecial(java.lang.Object, java.lang.Object, int)'> (0x000000008d504b50) 
thrown [s\open\src\hotspot\share\interpreter\linkResolver.cpp, line 774]
Event: 12.297 Thread 0x00000236e8b71860 Exception <a 'java/lang/NoSuchMethodError'{0x000000008d572428}: 'void java.lang.invoke.DirectMethodHandle$Holder.invokeStatic(java.lang.Object, int)'> (0x000000008d572428) 
thrown [s\open\src\hotspot\share\interpreter\linkResolver.cpp, line 774]
Event: 12.360 Thread 0x00000236e8b71860 Exception <a 'java/io/FileNotFoundException'{0x000000008d2f40e0}> (0x000000008d2f40e0) 
thrown [s\open\src\hotspot\share\prims\jni.cpp, line 520]
Event: 12.432 Thread 0x00000236e8b71860 Exception <a 'java/lang/NoSuchMethodError'{0x0000000091b26868}: 'int java.lang.invoke.DirectMethodHandle$Holder.invokeSpecialIFC(java.lang.Object, java.lang.Object, java.lang.Object)'> (0x0000000091b26868) 
thrown [s\open\src\hotspot\share\interpreter\linkResolver.cpp, line 774]
Event: 12.439 Thread 0x00000236e8b71860 Exception <a 'java/lang/NoSuchMethodError'{0x0000000091b824f0}: 'java.lang.Object java.lang.invoke.Invokers$Holder.invoker(java.lang.Object, java.lang.Object, java.lang.Object, java.lang.Object, java.lang.Object, java.lang.Object, java.lang.Object, java.lang.Object, java.lang.Object, java.lang.Object, java.lang.Object, java.lang.Object, java.lang.Object)'> (0x0000000091b824f0) 
thrown [s\open\src\hotspot\share\interpreter\linkResolver.cpp, line 774]
Event: 12.440 Thread 0x00000236e8b71860 Exception <a 'java/lang/NoSuchMethodError'{0x0000000091b8b9b8}: 'java.lang.Object java.lang.invoke.DelegatingMethodHandle$Holder.delegate(java.lang.Object, java.lang.Object, java.lang.Object, java.lang.Object, java.lang.Object, java.lang.Object, java.lang.Object, java.lang.Object, java.lang.Object, java.lang.Object, java.lang.Object, java.lang.Object, java.lang.Object)'> (0x0000000091b8b9b8) 
thrown [s\open\src\hotspot\share\interpreter\linkResolver.cpp, line 774]
Event: 12.484 Thread 0x00000236e8b71860 Exception <a 'java/lang/NoSuchMethodError'{0x000000008e62c9a0}: 'java.lang.Object java.lang.invoke.DirectMethodHandle$Holder.newInvokeSpecial(java.lang.Object, java.lang.Object, java.lang.Object, java.lang.Object, java.lang.Object, java.lang.Object, java.lang.Object)'> (0x000000008e62c9a0) 
thrown [s\open\src\hotspot\share\interpreter\linkResolver.cpp, line 774]
Event: 12.508 Thread 0x00000236c2863db0 Exception <a 'java/lang/NoSuchMethodError'{0x000000008e413280}: 'java.lang.Object java.lang.invoke.DelegatingMethodHandle$Holder.reinvoke_L(java.lang.Object, int, long, java.lang.Object, java.lang.Object, int, java.lang.Object)'> (0x000000008e413280) 
thrown [s\open\src\hotspot\share\interpreter\linkResolver.cpp, line 774]
Event: 12.942 Thread 0x00000236c2863db0 Implicit null exception at 0x00000236d6b17565 to 0x00000236d6b17768
Event: 15.443 Thread 0x00000236e8b71860 Implicit null exception at 0x00000236d68377bd to 0x00000236d683783d
Event: 15.929 Thread 0x00000236c2863db0 Implicit null exception at 0x00000236d6bdbca8 to 0x00000236d6be12e8
Event: 16.127 Thread 0x00000236e8b71860 Implicit null exception at 0x00000236d69a7582 to 0x00000236d69a934a

ZGC Phase Switch (0 events):
No events

VM Operations (20 events):
Event: 15.488 Executing VM operation: G1PauseCleanup done
Event: 15.550 Executing VM operation: G1CollectForAllocation (G1 Evacuation Pause)
Event: 15.558 Executing VM operation: G1CollectForAllocation (G1 Evacuation Pause) done
Event: 15.652 Executing VM operation: HandshakeAllThreads (Deoptimize)
Event: 15.652 Executing VM operation: HandshakeAllThreads (Deoptimize) done
Event: 15.721 Executing VM operation: G1CollectForAllocation (G1 Evacuation Pause)
Event: 15.744 Executing VM operation: G1CollectForAllocation (G1 Evacuation Pause) done
Event: 16.013 Executing VM operation: G1CollectForAllocation (G1 Evacuation Pause)
Event: 16.028 Executing VM operation: G1CollectForAllocation (G1 Evacuation Pause) done
Event: 16.501 Executing VM operation: G1CollectForAllocation (G1 Evacuation Pause)
Event: 16.523 Executing VM operation: G1CollectForAllocation (G1 Evacuation Pause) done
Event: 16.633 Executing VM operation: G1TryInitiateConcMark (G1 Humongous Allocation)
Event: 16.645 Executing VM operation: G1TryInitiateConcMark (G1 Humongous Allocation) done
Event: 16.733 Executing VM operation: G1PauseRemark
Event: 16.737 Executing VM operation: G1PauseRemark done
Event: 16.791 Executing VM operation: G1PauseCleanup
Event: 16.804 Executing VM operation: G1PauseCleanup done
Event: 16.973 Executing VM operation: G1CollectForAllocation (G1 Evacuation Pause)
Event: 16.984 Executing VM operation: G1CollectForAllocation (G1 Evacuation Pause) done
Event: 17.220 Executing VM operation: G1CollectForAllocation (G1 Evacuation Pause)

Events (20 events):
Event: 16.737 Thread 0x00000236e33b31c0 flushing nmethod 0x00000236cf008390
Event: 16.737 Thread 0x00000236e33b31c0 flushing nmethod 0x00000236cf070690
Event: 16.737 Thread 0x00000236e33b31c0 flushing nmethod 0x00000236cf071e90
Event: 16.737 Thread 0x00000236e33b31c0 flushing nmethod 0x00000236cf3f4610
Event: 16.737 Thread 0x00000236e33b31c0 flushing nmethod 0x00000236cf50c090
Event: 16.737 Thread 0x00000236e33b31c0 flushing nmethod 0x00000236cfab7010
Event: 16.737 Thread 0x00000236e33b31c0 flushing nmethod 0x00000236cfab7490
Event: 16.737 Thread 0x00000236e33b31c0 flushing nmethod 0x00000236cfab7910
Event: 16.737 Thread 0x00000236e33b31c0 flushing nmethod 0x00000236cfab8f10
Event: 16.737 Thread 0x00000236e33b31c0 flushing nmethod 0x00000236cfb27f10
Event: 16.737 Thread 0x00000236e33b31c0 flushing nmethod 0x00000236cfcc7210
Event: 16.737 Thread 0x00000236e33b31c0 flushing nmethod 0x00000236cfcc7c90
Event: 16.737 Thread 0x00000236e33b31c0 flushing nmethod 0x00000236ced63590
Event: 16.737 Thread 0x00000236e33b31c0 flushing nmethod 0x00000236ceeb0710
Event: 16.737 Thread 0x00000236e33b31c0 flushing nmethod 0x00000236ceeb2b10
Event: 16.737 Thread 0x00000236e33b31c0 flushing nmethod 0x00000236cf5b5510
Event: 16.737 Thread 0x00000236e33b31c0 flushing nmethod 0x00000236cf9abc90
Event: 16.737 Thread 0x00000236e33b31c0 flushing nmethod 0x00000236cfb1c910
Event: 16.737 Thread 0x00000236e33b31c0 flushing nmethod 0x00000236cfb1ee10
Event: 16.737 Thread 0x00000236e33b31c0 flushing nmethod 0x00000236cfb23610


Dynamic libraries:
0x00007ff749650000 - 0x00007ff749660000 	C:\Program Files\Java\jdk-22\bin\java.EXE
0x00007ff8880e0000 - 0x00007ff888347000 	C:\WINDOWS\SYSTEM32\ntdll.dll
0x00007ff886b90000 - 0x00007ff886c59000 	C:\WINDOWS\System32\KERNEL32.DLL
0x00007ff885a50000 - 0x00007ff885e41000 	C:\WINDOWS\System32\KERNELBASE.dll
0x00007ff885700000 - 0x00007ff88584b000 	C:\WINDOWS\System32\ucrtbase.dll
0x00007ff880370000 - 0x00007ff880387000 	C:\Program Files\Java\jdk-22\bin\jli.dll
0x00007ff880350000 - 0x00007ff88036b000 	C:\Program Files\Java\jdk-22\bin\VCRUNTIME140.dll
0x00007ff885e80000 - 0x00007ff885f3b000 	C:\WINDOWS\System32\ADVAPI32.dll
0x00007ff886c60000 - 0x00007ff886d09000 	C:\WINDOWS\System32\msvcrt.dll
0x00007ff8874e0000 - 0x00007ff887587000 	C:\WINDOWS\System32\sechost.dll
0x00007ff886f20000 - 0x00007ff887038000 	C:\WINDOWS\System32\RPCRT4.dll
0x00007ff887310000 - 0x00007ff8874d5000 	C:\WINDOWS\System32\USER32.dll
0x00007ff885e50000 - 0x00007ff885e77000 	C:\WINDOWS\System32\win32u.dll
0x00007ff8684a0000 - 0x00007ff868733000 	C:\WINDOWS\WinSxS\amd64_microsoft.windows.common-controls_6595b64144ccf1df_6.0.26100.8037_none_3e092faae333b53b\COMCTL32.dll
0x00007ff8872e0000 - 0x00007ff88730b000 	C:\WINDOWS\System32\GDI32.dll
0x00007ff8853b0000 - 0x00007ff8854db000 	C:\WINDOWS\System32\gdi32full.dll
0x00007ff885910000 - 0x00007ff8859b3000 	C:\WINDOWS\System32\msvcp_win.dll
0x00007ff87e220000 - 0x00007ff87e22b000 	C:\WINDOWS\SYSTEM32\VERSION.dll
0x00007ff886ec0000 - 0x00007ff886ef1000 	C:\WINDOWS\System32\IMM32.DLL
0x00007ff880340000 - 0x00007ff88034c000 	C:\Program Files\Java\jdk-22\bin\vcruntime140_1.dll
0x00007ff872770000 - 0x00007ff8727fe000 	C:\Program Files\Java\jdk-22\bin\msvcp140.dll
0x00007fff94330000 - 0x00007fff95077000 	C:\Program Files\Java\jdk-22\bin\server\jvm.dll
0x00007ff886d10000 - 0x00007ff886d84000 	C:\WINDOWS\System32\WS2_32.dll
0x00007ff884820000 - 0x00007ff88487e000 	C:\WINDOWS\SYSTEM32\POWRPROF.dll
0x00007ff87dd00000 - 0x00007ff87dd35000 	C:\WINDOWS\SYSTEM32\WINMM.dll
0x00007ff884800000 - 0x00007ff884814000 	C:\WINDOWS\SYSTEM32\UMPDC.dll
0x00007ff883730000 - 0x00007ff88374b000 	C:\WINDOWS\SYSTEM32\kernel.appcore.dll
0x00007ff880330000 - 0x00007ff88033a000 	C:\Program Files\Java\jdk-22\bin\jimage.dll
0x00007ff87a980000 - 0x00007ff87abc2000 	C:\WINDOWS\SYSTEM32\DBGHELP.DLL
0x00007ff887590000 - 0x00007ff887912000 	C:\WINDOWS\System32\combase.dll
0x00007ff886930000 - 0x00007ff886a07000 	C:\WINDOWS\System32\OLEAUT32.dll
0x00007ff864410000 - 0x00007ff86444b000 	C:\WINDOWS\SYSTEM32\dbgcore.DLL
0x00007ff885650000 - 0x00007ff8856f5000 	C:\WINDOWS\System32\bcryptPrimitives.dll
0x00007ff880310000 - 0x00007ff88032e000 	C:\Program Files\Java\jdk-22\bin\java.dll
0x00007ff887930000 - 0x00007ff88808f000 	C:\WINDOWS\System32\SHELL32.dll
0x00007ff8854e0000 - 0x00007ff88564a000 	C:\WINDOWS\System32\wintypes.dll
0x00007ff887140000 - 0x00007ff8872d5000 	C:\WINDOWS\System32\ole32.dll
0x00007ff8849c0000 - 0x00007ff885224000 	C:\WINDOWS\System32\windows.storage.dll
0x00007ff886dc0000 - 0x00007ff886eb7000 	C:\WINDOWS\System32\SHCORE.dll
0x00007ff887050000 - 0x00007ff8870b7000 	C:\WINDOWS\System32\shlwapi.dll
0x00007ff8848e0000 - 0x00007ff884909000 	C:\WINDOWS\SYSTEM32\profapi.dll
0x00007ff847f50000 - 0x00007ff848027000 	C:\Program Files\Java\jdk-22\bin\jsvml.dll
0x00007ff880300000 - 0x00007ff880310000 	C:\Program Files\Java\jdk-22\bin\net.dll
0x00007ff883cc0000 - 0x00007ff883d2b000 	C:\WINDOWS\system32\mswsock.dll
0x00007ff879180000 - 0x00007ff879196000 	C:\Program Files\Java\jdk-22\bin\nio.dll
0x00007ff86ac50000 - 0x00007ff86ac67000 	C:\Program Files\Java\jdk-22\bin\zip.dll
0x00007ff84ff10000 - 0x00007ff84ff55000 	C:\Users\Jay\.cache\opencode\bin\jdtls\config_win\org.eclipse.equinox.launcher\org.eclipse.equinox.launcher.win32.win32.x86_64_1.3.0.v20260203-2149\eclipse_11919.dll
0x00007ff872760000 - 0x00007ff87276a000 	C:\Program Files\Java\jdk-22\bin\management.dll
0x00007ff86ac40000 - 0x00007ff86ac4b000 	C:\Program Files\Java\jdk-22\bin\management_ext.dll
0x00007ff886a60000 - 0x00007ff886a68000 	C:\WINDOWS\System32\PSAPI.DLL
0x00007ff86aad0000 - 0x00007ff86aae0000 	C:\Program Files\Java\jdk-22\bin\verify.dll
0x00007ff883fa0000 - 0x00007ff883fbb000 	C:\WINDOWS\SYSTEM32\CRYPTSP.dll
0x00007ff883690000 - 0x00007ff8836c9000 	C:\WINDOWS\system32\rsaenh.dll
0x00007ff883d70000 - 0x00007ff883da2000 	C:\WINDOWS\SYSTEM32\USERENV.dll
0x00007ff8848b0000 - 0x00007ff8848da000 	C:\WINDOWS\SYSTEM32\bcrypt.dll
0x00007ff883fc0000 - 0x00007ff883fcc000 	C:\WINDOWS\SYSTEM32\CRYPTBASE.dll
0x00007ff8830e0000 - 0x00007ff883113000 	C:\WINDOWS\SYSTEM32\IPHLPAPI.DLL
0x00007ff887040000 - 0x00007ff88704a000 	C:\WINDOWS\System32\NSI.dll
0x00007ff84fac0000 - 0x00007ff84fb09000 	C:\Users\Jay\AppData\Local\Temp\jna-74242\jna143215211066146815.dll
0x00007ff87df00000 - 0x00007ff87e027000 	C:\WINDOWS\SYSTEM32\winhttp.dll
0x00007ff87e200000 - 0x00007ff87e21d000 	C:\WINDOWS\SYSTEM32\dhcpcsvc6.DLL
0x00007ff87dcd0000 - 0x00007ff87dcf3000 	C:\WINDOWS\SYSTEM32\dhcpcsvc.DLL
0x00007ff86ac00000 - 0x00007ff86ac0e000 	C:\Program Files\Java\jdk-22\bin\sunmscapi.dll
0x00007ff885230000 - 0x00007ff8853a7000 	C:\WINDOWS\System32\CRYPT32.dll
0x00007ff8841c0000 - 0x00007ff8841f0000 	C:\WINDOWS\SYSTEM32\ncrypt.dll
0x00007ff884170000 - 0x00007ff8841af000 	C:\WINDOWS\SYSTEM32\NTASN1.dll
0x00007ff883140000 - 0x00007ff88326a000 	C:\WINDOWS\SYSTEM32\DNSAPI.dll
0x00007ff8689d0000 - 0x00007ff8689db000 	C:\Windows\System32\rasadhlp.dll
0x00007ff87b750000 - 0x00007ff87b7d6000 	C:\WINDOWS\System32\fwpuclnt.dll
0x00007ff86ac30000 - 0x00007ff86ac39000 	C:\Program Files\Java\jdk-22\bin\extnet.dll

dbghelp: loaded successfully - version: 4.0.5 - missing functions: none
symbol engine: initialized successfully - sym options: 0x614 - pdb path: .;C:\Program Files\Java\jdk-22\bin;C:\WINDOWS\SYSTEM32;C:\WINDOWS\WinSxS\amd64_microsoft.windows.common-controls_6595b64144ccf1df_6.0.26100.8037_none_3e092faae333b53b;C:\Program Files\Java\jdk-22\bin\server;C:\Users\Jay\.cache\opencode\bin\jdtls\config_win\org.eclipse.equinox.launcher\org.eclipse.equinox.launcher.win32.win32.x86_64_1.3.0.v20260203-2149;C:\Users\Jay\AppData\Local\Temp\jna-74242

VM Arguments:
java_command: C:\Users\Jay\.cache\opencode\bin\jdtls\plugins\org.eclipse.equinox.launcher_1.7.100.v20251111-0406.jar -configuration C:\Users\Jay\.cache\opencode\bin\jdtls\config_win -data C:\Users\Jay\AppData\Local\Temp\opencode-jdtls-datahm8UXh -Declipse.application=org.eclipse.jdt.ls.core.id1 -Dosgi.bundles.defaultStartLevel=4 -Declipse.product=org.eclipse.jdt.ls.core.product -Dlog.level=ALL --add-modules=ALL-SYSTEM --add-opens java.base/java.util=ALL-UNNAMED --add-opens java.base/java.lang=ALL-UNNAMED
java_class_path (initial): C:\Users\Jay\.cache\opencode\bin\jdtls\plugins\org.eclipse.equinox.launcher_1.7.100.v20251111-0406.jar
Launcher Type: SUN_STANDARD

[Global flags]
     intx CICompilerCount                          = 4                                         {product} {ergonomic}
     uint ConcGCThreads                            = 3                                         {product} {ergonomic}
     uint G1ConcRefinementThreads                  = 10                                        {product} {ergonomic}
   size_t G1HeapRegionSize                         = 1048576                                   {product} {ergonomic}
   size_t InitialHeapSize                          = 123731968                                 {product} {ergonomic}
   size_t MarkStackSize                            = 4194304                                   {product} {ergonomic}
   size_t MaxHeapSize                              = 1973420032                                {product} {ergonomic}
   size_t MaxNewSize                               = 1183842304                                {product} {ergonomic}
   size_t MinHeapDeltaBytes                        = 1048576                                   {product} {ergonomic}
   size_t MinHeapSize                              = 8388608                                   {product} {ergonomic}
    uintx NonNMethodCodeHeapSize                   = 5839372                                {pd product} {ergonomic}
    uintx NonProfiledCodeHeapSize                  = 122909434                              {pd product} {ergonomic}
    uintx ProfiledCodeHeapSize                     = 122909434                              {pd product} {ergonomic}
    uintx ReservedCodeCacheSize                    = 251658240                              {pd product} {ergonomic}
     bool SegmentedCodeCache                       = true                                      {product} {ergonomic}
   size_t SoftMaxHeapSize                          = 1973420032                             {manageable} {ergonomic}
     bool UseCompressedOops                        = true                           {product lp64_product} {ergonomic}
     bool UseG1GC                                  = true                                      {product} {ergonomic}
     bool UseLargePagesIndividualAllocation        = false                                  {pd product} {ergonomic}

Logging:
Log output configuration:
 #0: stdout all=warning uptime,level,tags foldmultilines=false
 #1: stderr all=off uptime,level,tags foldmultilines=false

Environment Variables:
JAVA_HOME=C:\Program Files\Java\jdk-22
CLASSPATH=C:\myPrograms\myProjects\lib\ojdbc8.jar
PATH=C:\Program Files\Common Files\Oracle\Java\javapath;C:\windows\system32;C:\windows;C:\windows\System32\Wbem;C:\windows\System32\WindowsPowerShell\v1.0\;C:\windows\System32\OpenSSH\;C:\Program Files (x86)\NVIDIA Corporation\PhysX\Common;C:\Program Files\NVIDIA Corporation\NVIDIA NvDLISR;C:\WINDOWS\system32;C:\WINDOWS;C:\WINDOWS\System32\Wbem;C:\WINDOWS\System32\WindowsPowerShell\v1.0\;C:\WINDOWS\System32\OpenSSH\;C:\MinGW\bin;C:\Program Files\dotnet\;C:\Program Files\HP\HP One Agent;C:\Program Files\Git\cmd;C:\WINDOWS\system32;C:\WINDOWS;C:\WINDOWS\System32\Wbem;C:\WINDOWS\System32\WindowsPowerShell\v1.0\;C:\WINDOWS\System32\OpenSSH\;C:\Program Files\Kubernetes\Minikube;C:\Jay;C:\Program Files\nodejs\;C:\Program Files\Docker\Docker\resources\bin;C:\Program Files\MySQL\MySQL Shell 8.0\bin\;C:\Users\Jay\bin;C:\Users\Jay\AppData\Local\Programs\Python\Python311\Scripts\;C:\Users\Jay\AppData\Local\Programs\Python\Python311\;C:\msys64\mingw64\bin;C:\Users\Jay\AppData\Local\Programs\Microsoft VS Code\bin;C:\Users\Jay\AppData\Local\Microsoft\WindowsApps;C:\Oracle\instantclient-basic-windows.x64-23.9.0.25.07;C:\Users\Jay\AppData\Local\Microsoft\WinGet\Packages\Kubernetes.kubectl_Microsoft.Winget.Source_8wekyb3d8bbwe;C:\Users\Jay\AppData\Local\Microsoft\WinGet\Packages\Kubernetes.kind_Microsoft.Winget.Source_8wekyb3d8bbwe;C:\Program Files\Java\jdk-22\bin;C:\maven-mvnd-1.0.2-windows-amd64\bin;C:\apache-ant-1.10.15\bin;C:\Users\Jay\AppData\Local\Python\bin;C:\Program Files\MySQL\MySQL Server 9.5\bin;C:\Users\Jay\AppData\Roaming\npm;C:\Users\Jay\.dotnet\tools;C:\apache-maven-3.9.14\bin;;C:\Users\Jay\AppData\Local\Programs\Warp\bin;
USERNAME=Jay
OS=Windows_NT
PROCESSOR_IDENTIFIER=AMD64 Family 25 Model 80 Stepping 0, AuthenticAMD
TMP=C:\Users\Jay\AppData\Local\Temp
TEMP=C:\Users\Jay\AppData\Local\Temp




Periodic native trim disabled

---------------  S Y S T E M  ---------------

OS:
 Windows 11 , 64 bit Build 26100 (10.0.26100.7920)
OS uptime: 0 days 1:48 hours
Hyper-V role detected

CPU: total 12 (initial active 12) (12 cores per cpu, 2 threads per core) family 25 model 80 stepping 0 microcode 0xa50000d, cx8, cmov, fxsr, ht, mmx, 3dnowpref, sse, sse2, sse3, ssse3, sse4a, sse4.1, sse4.2, popcnt, lzcnt, tsc, tscinvbit, avx, avx2, aes, erms, clmul, bmi1, bmi2, adx, sha, fma, vzeroupper, clflush, clflushopt, hv, rdtscp, rdpid, fsrm, f16c, cet_ss
Processor Information for processor 0
  Max Mhz: 3301, Current Mhz: 1805, Mhz Limit: 3301
Processor Information for processor 1
  Max Mhz: 3301, Current Mhz: 1805, Mhz Limit: 3301
Processor Information for processor 2
  Max Mhz: 3301, Current Mhz: 1805, Mhz Limit: 3301
Processor Information for processor 3
  Max Mhz: 3301, Current Mhz: 1805, Mhz Limit: 3301
Processor Information for processor 4
  Max Mhz: 3301, Current Mhz: 1805, Mhz Limit: 3301
Processor Information for processor 5
  Max Mhz: 3301, Current Mhz: 1805, Mhz Limit: 3301
Processor Information for processor 6
  Max Mhz: 3301, Current Mhz: 3301, Mhz Limit: 3301
Processor Information for processor 7
  Max Mhz: 3301, Current Mhz: 3301, Mhz Limit: 3301
Processor Information for processor 8
  Max Mhz: 3301, Current Mhz: 3301, Mhz Limit: 3301
Processor Information for processor 9
  Max Mhz: 3301, Current Mhz: 1805, Mhz Limit: 3301
Processor Information for processor 10
  Max Mhz: 3301, Current Mhz: 3301, Mhz Limit: 3301
Processor Information for processor 11
  Max Mhz: 3301, Current Mhz: 3301, Mhz Limit: 3301

Memory: 4k page, system-wide physical 7521M (1195M free)
TotalPageFile size 31070M (AvailPageFile size 78M)
current process WorkingSet (physical memory assigned to process): 664M, peak: 666M
current process commit charge ("private bytes"): 649M, peak: 810M

vm_info: Java HotSpot(TM) 64-Bit Server VM (22.0.1+8-16) for windows-amd64 JRE (22.0.1+8-16), built on 2024-03-12T10:33:16Z by "mach5one" with MS VC++ 17.6 (VS2022)

END.
