#
# There is insufficient memory for the Java Runtime Environment to continue.
# Native memory allocation (malloc) failed to allocate 2308432 bytes. Error detail: Chunk::new
# Possible reasons:
#   The system is out of physical RAM or swap space
#   This process is running with CompressedOops enabled, and the Java Heap may be blocking the growth of the native heap
# Possible solutions:
#   Reduce memory load on the system
#   Increase physical memory or swap space
#   Check if swap backing store is full
#   Decrease Java heap size (-Xmx/-Xms)
#   Decrease number of Java threads
#   Decrease Java thread stack sizes (-Xss)
#   Set larger code cache with -XX:ReservedCodeCacheSize=
#   JVM is running with Unscaled Compressed Oops mode in which the Java heap is
#     placed in the first 4GB address space. The Java Heap base address is the
#     maximum limit for the native heap growth. Please use -XX:HeapBaseMinAddress
#     to set the Java Heap base and to place the Java Heap above 4GB virtual address.
# This output file may be truncated or incomplete.
#
#  Out of Memory Error (arena.cpp:150), pid=35656, tid=36604
#
# JRE version: Java(TM) SE Runtime Environment (22.0.1+8) (build 22.0.1+8-16)
# Java VM: Java HotSpot(TM) 64-Bit Server VM (22.0.1+8-16, mixed mode, sharing, tiered, compressed oops, compressed class ptrs, g1 gc, windows-amd64)
# No core dump will be written. Minidumps are not enabled by default on client versions of Windows
#

---------------  S U M M A R Y ------------

Command Line: C:\Users\Jay\.cache\opencode\bin\jdtls\plugins\org.eclipse.equinox.launcher_1.7.100.v20251111-0406.jar -configuration C:\Users\Jay\.cache\opencode\bin\jdtls\config_win -data C:\Users\Jay\AppData\Local\Temp\opencode-jdtls-dataksMWwQ -Declipse.application=org.eclipse.jdt.ls.core.id1 -Dosgi.bundles.defaultStartLevel=4 -Declipse.product=org.eclipse.jdt.ls.core.product -Dlog.level=ALL --add-modules=ALL-SYSTEM --add-opens java.base/java.util=ALL-UNNAMED --add-opens java.base/java.lang=ALL-UNNAMED

Host: AMD Ryzen 5 5600H with Radeon Graphics         , 12 cores, 7G,  Windows 11 , 64 bit Build 26100 (10.0.26100.7920)
Time: Mon Apr 13 11:09:21 2026 India Standard Time elapsed time: 19.507921 seconds (0d 0h 0m 19s)

---------------  T H R E A D  ---------------

Current thread (0x000001bd8012e350):  JavaThread "C2 CompilerThread1" daemon [_thread_in_native, id=36604, stack(0x0000008ff4a00000,0x0000008ff4b00000) (1024K)]


Current CompileTask:
C2:19508 10747 % !   4       org.eclipse.jdt.internal.core.search.indexing.BinaryIndexer::indexDocument @ 563 (1172 bytes)

Stack: [0x0000008ff4a00000,0x0000008ff4b00000]
Native frames: (J=compiled Java code, j=interpreted, Vv=VM code, C=native code)
V  [jvm.dll+0x6e2279]  (no source info available)
V  [jvm.dll+0x874e33]  (no source info available)
V  [jvm.dll+0x87725e]  (no source info available)
V  [jvm.dll+0x877933]  (no source info available)
V  [jvm.dll+0x27fd76]  (no source info available)
V  [jvm.dll+0xc3d0f]  (no source info available)
V  [jvm.dll+0xc3f6b]  (no source info available)
V  [jvm.dll+0x3bb10c]  (no source info available)
V  [jvm.dll+0x1df87e]  (no source info available)
V  [jvm.dll+0x247a5c]  (no source info available)
V  [jvm.dll+0x246fbf]  (no source info available)
V  [jvm.dll+0x1c4e90]  (no source info available)
V  [jvm.dll+0x2569fe]  (no source info available)
V  [jvm.dll+0x254cba]  (no source info available)
V  [jvm.dll+0x3f5336]  (no source info available)
V  [jvm.dll+0x81d44b]  (no source info available)
V  [jvm.dll+0x6e0915]  (no source info available)
C  [ucrtbase.dll+0x37b0]  (no source info available)
C  [KERNEL32.DLL+0x2e8d7]  (no source info available)
C  [ntdll.dll+0x8c48c]  (no source info available)


---------------  P R O C E S S  ---------------

Threads class SMR info:
_java_thread_list=0x000001bd82f5e810, length=31, elements={
0x000001bd9b8732b0, 0x000001bdba503ec0, 0x000001bdba505640, 0x000001bdba50a920,
0x000001bdba50bdc0, 0x000001bdba50d800, 0x000001bdba50e520, 0x000001bdba5136a0,
0x000001bdba521a10, 0x000001bdba50ebb0, 0x000001bdba50cae0, 0x000001bdba50de90,
0x000001bdba50b730, 0x000001bdba50d170, 0x000001bd802d0580, 0x000001bd802cf1d0,
0x000001bd802d1930, 0x000001bd802ceb40, 0x000001bd802d1fc0, 0x000001bd802d2650,
0x000001bd802d2ce0, 0x000001bd802cfef0, 0x000001bd802cf860, 0x000001bd802d3370,
0x000001bd802d5440, 0x000001bd802d3a00, 0x000001bd802d6160, 0x000001bd802d4090,
0x000001bd802d0c10, 0x000001bd8012e350, 0x000001bd8012f7c0
}

Java Threads: ( => current thread )
  0x000001bd9b8732b0 JavaThread "main"                              [_thread_blocked, id=28572, stack(0x0000008ff2800000,0x0000008ff2900000) (1024K)]
  0x000001bdba503ec0 JavaThread "Reference Handler"          daemon [_thread_blocked, id=31924, stack(0x0000008ff3000000,0x0000008ff3100000) (1024K)]
  0x000001bdba505640 JavaThread "Finalizer"                  daemon [_thread_blocked, id=1900, stack(0x0000008ff3100000,0x0000008ff3200000) (1024K)]
  0x000001bdba50a920 JavaThread "Signal Dispatcher"          daemon [_thread_blocked, id=35676, stack(0x0000008ff3200000,0x0000008ff3300000) (1024K)]
  0x000001bdba50bdc0 JavaThread "Attach Listener"            daemon [_thread_blocked, id=35208, stack(0x0000008ff3300000,0x0000008ff3400000) (1024K)]
  0x000001bdba50d800 JavaThread "Service Thread"             daemon [_thread_blocked, id=34496, stack(0x0000008ff3400000,0x0000008ff3500000) (1024K)]
  0x000001bdba50e520 JavaThread "Monitor Deflation Thread"   daemon [_thread_blocked, id=36228, stack(0x0000008ff3500000,0x0000008ff3600000) (1024K)]
  0x000001bdba5136a0 JavaThread "C2 CompilerThread0"         daemon [_thread_in_native, id=34908, stack(0x0000008ff3600000,0x0000008ff3700000) (1024K)]
  0x000001bdba521a10 JavaThread "C1 CompilerThread0"         daemon [_thread_blocked, id=35320, stack(0x0000008ff3700000,0x0000008ff3800000) (1024K)]
  0x000001bdba50ebb0 JavaThread "Notification Thread"        daemon [_thread_blocked, id=30672, stack(0x0000008ff3800000,0x0000008ff3900000) (1024K)]
  0x000001bdba50cae0 JavaThread "Common-Cleaner"             daemon [_thread_blocked, id=36840, stack(0x0000008ff3900000,0x0000008ff3a00000) (1024K)]
  0x000001bdba50de90 JavaThread "Active Thread: Equinox Container: 07fed43c-b082-4aa5-95ee-af55b734b0b3"        [_thread_blocked, id=11484, stack(0x0000008ff3c00000,0x0000008ff3d00000) (1024K)]
  0x000001bdba50b730 JavaThread "Refresh Thread: Equinox Container: 07fed43c-b082-4aa5-95ee-af55b734b0b3" daemon [_thread_blocked, id=32772, stack(0x0000008ff4300000,0x0000008ff4400000) (1024K)]
  0x000001bdba50d170 JavaThread "Framework Event Dispatcher: Equinox Container: 07fed43c-b082-4aa5-95ee-af55b734b0b3" daemon [_thread_blocked, id=26812, stack(0x0000008ff4400000,0x0000008ff4500000) (1024K)]
  0x000001bd802d0580 JavaThread "Start Level: Equinox Container: 07fed43c-b082-4aa5-95ee-af55b734b0b3" daemon [_thread_blocked, id=33520, stack(0x0000008ff4500000,0x0000008ff4600000) (1024K)]
  0x000001bd802cf1d0 JavaThread "Bundle File Closer"         daemon [_thread_blocked, id=19420, stack(0x0000008ff4600000,0x0000008ff4700000) (1024K)]
  0x000001bd802d1930 JavaThread "SCR Component Actor"        daemon [_thread_blocked, id=36204, stack(0x0000008ff4900000,0x0000008ff4a00000) (1024K)]
  0x000001bd802ceb40 JavaThread "Worker-JM"                         [_thread_blocked, id=20208, stack(0x0000008ff4b00000,0x0000008ff4c00000) (1024K)]
  0x000001bd802d1fc0 JavaThread "Worker-0: Synchronizing projects"        [_thread_blocked, id=34984, stack(0x0000008ff4c00000,0x0000008ff4d00000) (1024K)]
  0x000001bd802d2650 JavaThread "Worker-1"                          [_thread_blocked, id=22492, stack(0x0000008ff4d00000,0x0000008ff4e00000) (1024K)]
  0x000001bd802d2ce0 JavaThread "Java indexing"              daemon [_thread_in_native, id=14364, stack(0x0000008ff3a00000,0x0000008ff3b00000) (1024K)]
  0x000001bd802cfef0 JavaThread "JNA Cleaner"                daemon [_thread_blocked, id=35304, stack(0x0000008ff5100000,0x0000008ff5200000) (1024K)]
  0x000001bd802cf860 JavaThread "Worker-2: Java indexing... "        [_thread_blocked, id=36500, stack(0x0000008ff5400000,0x0000008ff5500000) (1024K)]
  0x000001bd802d3370 JavaThread "Worker-3: Initialize Workspace"        [_thread_in_native, id=31648, stack(0x0000008ff5500000,0x0000008ff5600000) (1024K)]
  0x000001bd802d5440 JavaThread "Worker-4"                          [_thread_blocked, id=3280, stack(0x0000008ff5600000,0x0000008ff5700000) (1024K)]
  0x000001bd802d3a00 JavaThread "Worker-5"                          [_thread_blocked, id=36068, stack(0x0000008ff5700000,0x0000008ff5800000) (1024K)]
  0x000001bd802d6160 JavaThread "pool-2-thread-1"                   [_thread_blocked, id=5996, stack(0x0000008ff5800000,0x0000008ff5900000) (1024K)]
  0x000001bd802d4090 JavaThread "WorkspaceEventsHandler"            [_thread_blocked, id=33152, stack(0x0000008ff5900000,0x0000008ff5a00000) (1024K)]
  0x000001bd802d0c10 JavaThread "pool-1-thread-1"                   [_thread_blocked, id=368, stack(0x0000008ff5a00000,0x0000008ff5b00000) (1024K)]
=>0x000001bd8012e350 JavaThread "C2 CompilerThread1"         daemon [_thread_in_native, id=36604, stack(0x0000008ff4a00000,0x0000008ff4b00000) (1024K)]
  0x000001bd8012f7c0 JavaThread "C2 CompilerThread2"         daemon [_thread_in_native, id=35992, stack(0x0000008ff5000000,0x0000008ff5100000) (1024K)]
Total: 31

Other Threads:
  0x000001bdba4dec70 VMThread "VM Thread"                           [id=27824, stack(0x0000008ff2f00000,0x0000008ff3000000) (1024K)]
  0x000001bdba4c89e0 WatcherThread "VM Periodic Task Thread"        [id=36428, stack(0x0000008ff2e00000,0x0000008ff2f00000) (1024K)]
  0x000001bd9db6e340 WorkerThread "GC Thread#0"                     [id=3260, stack(0x0000008ff2900000,0x0000008ff2a00000) (1024K)]
  0x000001bd800f5260 WorkerThread "GC Thread#1"                     [id=31796, stack(0x0000008ff3d00000,0x0000008ff3e00000) (1024K)]
  0x000001bd800f5610 WorkerThread "GC Thread#2"                     [id=34844, stack(0x0000008ff3e00000,0x0000008ff3f00000) (1024K)]
  0x000001bd802a7ca0 WorkerThread "GC Thread#3"                     [id=34956, stack(0x0000008ff3f00000,0x0000008ff4000000) (1024K)]
  0x000001bd802a20f0 WorkerThread "GC Thread#4"                     [id=17784, stack(0x0000008ff4000000,0x0000008ff4100000) (1024K)]
  0x000001bd80127bf0 WorkerThread "GC Thread#5"                     [id=34048, stack(0x0000008ff4100000,0x0000008ff4200000) (1024K)]
  0x000001bd802a3530 WorkerThread "GC Thread#6"                     [id=29224, stack(0x0000008ff4200000,0x0000008ff4300000) (1024K)]
  0x000001bd80361b10 WorkerThread "GC Thread#7"                     [id=26832, stack(0x0000008ff3b00000,0x0000008ff3c00000) (1024K)]
  0x000001bd809be2e0 WorkerThread "GC Thread#8"                     [id=31632, stack(0x0000008ff4700000,0x0000008ff4800000) (1024K)]
  0x000001bd809beaf0 WorkerThread "GC Thread#9"                     [id=35484, stack(0x0000008ff4800000,0x0000008ff4900000) (1024K)]
  0x000001bd9db7ed90 ConcurrentGCThread "G1 Main Marker"            [id=36240, stack(0x0000008ff2a00000,0x0000008ff2b00000) (1024K)]
  0x000001bd9db806d0 WorkerThread "G1 Conc#0"                       [id=29572, stack(0x0000008ff2b00000,0x0000008ff2c00000) (1024K)]
  0x000001bd814e7250 WorkerThread "G1 Conc#1"                       [id=35632, stack(0x0000008ff4e00000,0x0000008ff4f00000) (1024K)]
  0x000001bd81a12a50 WorkerThread "G1 Conc#2"                       [id=19400, stack(0x0000008ff4f00000,0x0000008ff5000000) (1024K)]
  0x000001bdba398120 ConcurrentGCThread "G1 Refine#0"               [id=22868, stack(0x0000008ff2c00000,0x0000008ff2d00000) (1024K)]
  0x000001bdba39a970 ConcurrentGCThread "G1 Service"                [id=34704, stack(0x0000008ff2d00000,0x0000008ff2e00000) (1024K)]
Total: 18

Threads with active compile tasks:
C2 CompilerThread0  20699 10979 % !   4       java.util.jar.Attributes::read @ 214 (494 bytes)
C2 CompilerThread1  20699 10747 % !   4       org.eclipse.jdt.internal.core.search.indexing.BinaryIndexer::indexDocument @ 563 (1172 bytes)
C2 CompilerThread2  20699 10933       4       org.eclipse.jdt.internal.core.search.indexing.BinaryIndexer::extractReferenceFromConstantPool (358 bytes)
Total: 3

VM state: not at safepoint (normal execution)

VM Mutex/Monitor currently owned by a thread: None

Heap address: 0x000000008a600000, size: 1882 MB, Compressed Oops mode: 32-bit

CDS archive(s) mapped at: [0x000001bdbb000000-0x000001bdbbc60000-0x000001bdbbc60000), size 12976128, SharedBaseAddress: 0x000001bdbb000000, ArchiveRelocationMode: 1.
Compressed class space mapped at: 0x000001bdbc000000-0x000001bdfc000000, reserved size: 1073741824
Narrow klass base: 0x000001bdbb000000, Narrow klass shift: 0, Narrow klass range: 0x41000000

GC Precious Log:
 CardTable entry size: 512
 Card Set container configuration: InlinePtr #cards 5 size 8 Array Of Cards #cards 12 size 40 Howl #buckets 4 coarsen threshold 1843 Howl Bitmap #cards 512 size 80 coarsen threshold 460 Card regions per heap region 1 cards per card region 2048
 CPUs: 12 total, 12 available
 Memory: 7521M
 Large Page Support: Disabled
 NUMA Support: Disabled
 Compressed Oops: Enabled (32-bit)
 Heap Region Size: 1M
 Heap Min Capacity: 8M
 Heap Initial Capacity: 118M
 Heap Max Capacity: 1882M
 Pre-touch: Disabled
 Parallel Workers: 10
 Concurrent Workers: 3
 Concurrent Refinement Workers: 10
 Periodic GC: Disabled

Heap:
 garbage-first heap   total reserved 1927168K, committed 624640K, used 466003K [0x000000008a600000, 0x0000000100000000)
  region size 1024K, 93 young (95232K), 5 survivors (5120K)
 Metaspace       used 59477K, committed 60800K, reserved 1114112K
  class space    used 6473K, committed 7040K, reserved 1048576K

Heap Regions: E=young(eden), S=young(survivor), O=old, HS=humongous(starts), HC=humongous(continues), CS=collection set, F=free, TAMS=top-at-mark-start, PB=parsable bottom
|   0|0x000000008a600000, 0x000000008a700000, 0x000000008a700000|100%| O|  |TAMS 0x000000008a600000| PB 0x000000008a600000| Untracked |  0
|   1|0x000000008a700000, 0x000000008a800000, 0x000000008a800000|100%| O|  |TAMS 0x000000008a700000| PB 0x000000008a700000| Untracked |  0
|   2|0x000000008a800000, 0x000000008a900000, 0x000000008a900000|100%| O|  |TAMS 0x000000008a800000| PB 0x000000008a800000| Untracked |  0
|   3|0x000000008a900000, 0x000000008aa00000, 0x000000008aa00000|100%| O|  |TAMS 0x000000008a900000| PB 0x000000008a900000| Untracked |  0
|   4|0x000000008aa00000, 0x000000008ab00000, 0x000000008ab00000|100%| O|  |TAMS 0x000000008aa00000| PB 0x000000008aa00000| Untracked |  0
|   5|0x000000008ab00000, 0x000000008ac00000, 0x000000008ac00000|100%| O|  |TAMS 0x000000008ab00000| PB 0x000000008ab00000| Untracked |  0
|   6|0x000000008ac00000, 0x000000008ad00000, 0x000000008ad00000|100%|HS|  |TAMS 0x000000008ac00000| PB 0x000000008ac00000| Complete |  0
|   7|0x000000008ad00000, 0x000000008ae00000, 0x000000008ae00000|100%| O|  |TAMS 0x000000008ad00000| PB 0x000000008ad00000| Untracked |  0
|   8|0x000000008ae00000, 0x000000008af00000, 0x000000008af00000|100%| O|  |TAMS 0x000000008ae00000| PB 0x000000008ae00000| Untracked |  0
|   9|0x000000008af00000, 0x000000008b000000, 0x000000008b000000|100%| O|  |TAMS 0x000000008af00000| PB 0x000000008af00000| Untracked |  0
|  10|0x000000008b000000, 0x000000008b100000, 0x000000008b100000|100%| O|  |TAMS 0x000000008b000000| PB 0x000000008b000000| Untracked |  0
|  11|0x000000008b100000, 0x000000008b200000, 0x000000008b200000|100%| O|  |TAMS 0x000000008b100000| PB 0x000000008b100000| Untracked |  0
|  12|0x000000008b200000, 0x000000008b300000, 0x000000008b300000|100%| O|  |TAMS 0x000000008b200000| PB 0x000000008b200000| Untracked |  0
|  13|0x000000008b300000, 0x000000008b400000, 0x000000008b400000|100%| O|  |TAMS 0x000000008b300000| PB 0x000000008b300000| Untracked |  0
|  14|0x000000008b400000, 0x000000008b500000, 0x000000008b500000|100%| O|  |TAMS 0x000000008b400000| PB 0x000000008b400000| Untracked |  0
|  15|0x000000008b500000, 0x000000008b600000, 0x000000008b600000|100%| O|  |TAMS 0x000000008b500000| PB 0x000000008b500000| Untracked |  0
|  16|0x000000008b600000, 0x000000008b700000, 0x000000008b700000|100%| O|  |TAMS 0x000000008b600000| PB 0x000000008b600000| Untracked |  0
|  17|0x000000008b700000, 0x000000008b800000, 0x000000008b800000|100%| O|  |TAMS 0x000000008b700000| PB 0x000000008b700000| Untracked |  0
|  18|0x000000008b800000, 0x000000008b900000, 0x000000008b900000|100%| O|  |TAMS 0x000000008b800000| PB 0x000000008b800000| Untracked |  0
|  19|0x000000008b900000, 0x000000008ba00000, 0x000000008ba00000|100%| O|  |TAMS 0x000000008b900000| PB 0x000000008b900000| Untracked |  0
|  20|0x000000008ba00000, 0x000000008bb00000, 0x000000008bb00000|100%| O|  |TAMS 0x000000008ba00000| PB 0x000000008ba00000| Untracked |  0
|  21|0x000000008bb00000, 0x000000008bc00000, 0x000000008bc00000|100%| O|  |TAMS 0x000000008bb00000| PB 0x000000008bb00000| Untracked |  0
|  22|0x000000008bc00000, 0x000000008bd00000, 0x000000008bd00000|100%| O|  |TAMS 0x000000008bc00000| PB 0x000000008bc00000| Untracked |  0
|  23|0x000000008bd00000, 0x000000008be00000, 0x000000008be00000|100%| O|  |TAMS 0x000000008bd00000| PB 0x000000008bd00000| Untracked |  0
|  24|0x000000008be00000, 0x000000008bf00000, 0x000000008bf00000|100%| O|  |TAMS 0x000000008be00000| PB 0x000000008be00000| Untracked |  0
|  25|0x000000008bf00000, 0x000000008c000000, 0x000000008c000000|100%| O|  |TAMS 0x000000008bf00000| PB 0x000000008bf00000| Untracked |  0
|  26|0x000000008c000000, 0x000000008c100000, 0x000000008c100000|100%| O|  |TAMS 0x000000008c000000| PB 0x000000008c000000| Untracked |  0
|  27|0x000000008c100000, 0x000000008c200000, 0x000000008c200000|100%| O|  |TAMS 0x000000008c100000| PB 0x000000008c100000| Untracked |  0
|  28|0x000000008c200000, 0x000000008c300000, 0x000000008c300000|100%| O|  |TAMS 0x000000008c200000| PB 0x000000008c200000| Untracked |  0
|  29|0x000000008c300000, 0x000000008c400000, 0x000000008c400000|100%| O|  |TAMS 0x000000008c300000| PB 0x000000008c300000| Untracked |  0
|  30|0x000000008c400000, 0x000000008c500000, 0x000000008c500000|100%| O|  |TAMS 0x000000008c400000| PB 0x000000008c400000| Untracked |  0
|  31|0x000000008c500000, 0x000000008c600000, 0x000000008c600000|100%|HS|  |TAMS 0x000000008c500000| PB 0x000000008c500000| Complete |  0
|  32|0x000000008c600000, 0x000000008c700000, 0x000000008c700000|100%| O|  |TAMS 0x000000008c600000| PB 0x000000008c600000| Untracked |  0
|  33|0x000000008c700000, 0x000000008c800000, 0x000000008c800000|100%| O|  |TAMS 0x000000008c700000| PB 0x000000008c700000| Untracked |  0
|  34|0x000000008c800000, 0x000000008c900000, 0x000000008c900000|100%| O|  |TAMS 0x000000008c800000| PB 0x000000008c800000| Untracked |  0
|  35|0x000000008c900000, 0x000000008ca00000, 0x000000008ca00000|100%| O|  |TAMS 0x000000008c900000| PB 0x000000008c900000| Untracked |  0
|  36|0x000000008ca00000, 0x000000008cb00000, 0x000000008cb00000|100%| O|  |TAMS 0x000000008ca00000| PB 0x000000008ca00000| Untracked |  0
|  37|0x000000008cb00000, 0x000000008cc00000, 0x000000008cc00000|100%| O|  |TAMS 0x000000008cb00000| PB 0x000000008cb00000| Untracked |  0
|  38|0x000000008cc00000, 0x000000008cd00000, 0x000000008cd00000|100%| O|  |TAMS 0x000000008cc00000| PB 0x000000008cc00000| Untracked |  0
|  39|0x000000008cd00000, 0x000000008ce00000, 0x000000008ce00000|100%| O|  |TAMS 0x000000008cd00000| PB 0x000000008cd00000| Untracked |  0
|  40|0x000000008ce00000, 0x000000008cf00000, 0x000000008cf00000|100%| O|  |TAMS 0x000000008ce00000| PB 0x000000008ce00000| Untracked |  0
|  41|0x000000008cf00000, 0x000000008d000000, 0x000000008d000000|100%| O|  |TAMS 0x000000008cf00000| PB 0x000000008cf00000| Untracked |  0
|  42|0x000000008d000000, 0x000000008d100000, 0x000000008d100000|100%| O|  |TAMS 0x000000008d000000| PB 0x000000008d000000| Untracked |  0
|  43|0x000000008d100000, 0x000000008d200000, 0x000000008d200000|100%| O|  |TAMS 0x000000008d100000| PB 0x000000008d100000| Untracked |  0
|  44|0x000000008d200000, 0x000000008d300000, 0x000000008d300000|100%| O|  |TAMS 0x000000008d200000| PB 0x000000008d200000| Untracked |  0
|  45|0x000000008d300000, 0x000000008d400000, 0x000000008d400000|100%| O|  |TAMS 0x000000008d300000| PB 0x000000008d300000| Untracked |  0
|  46|0x000000008d400000, 0x000000008d500000, 0x000000008d500000|100%| O|  |TAMS 0x000000008d400000| PB 0x000000008d400000| Untracked |  0
|  47|0x000000008d500000, 0x000000008d600000, 0x000000008d600000|100%| O|  |TAMS 0x000000008d500000| PB 0x000000008d500000| Untracked |  0
|  48|0x000000008d600000, 0x000000008d700000, 0x000000008d700000|100%| O|  |TAMS 0x000000008d600000| PB 0x000000008d600000| Untracked |  0
|  49|0x000000008d700000, 0x000000008d800000, 0x000000008d800000|100%| O|  |TAMS 0x000000008d700000| PB 0x000000008d700000| Untracked |  0
|  50|0x000000008d800000, 0x000000008d900000, 0x000000008d900000|100%| O|  |TAMS 0x000000008d800000| PB 0x000000008d800000| Untracked |  0
|  51|0x000000008d900000, 0x000000008da00000, 0x000000008da00000|100%| O|  |TAMS 0x000000008d900000| PB 0x000000008d900000| Untracked |  0
|  52|0x000000008da00000, 0x000000008db00000, 0x000000008db00000|100%| O|  |TAMS 0x000000008da00000| PB 0x000000008da00000| Untracked |  0
|  53|0x000000008db00000, 0x000000008dc00000, 0x000000008dc00000|100%| O|  |TAMS 0x000000008db00000| PB 0x000000008db00000| Untracked |  0
|  54|0x000000008dc00000, 0x000000008dd00000, 0x000000008dd00000|100%| O|  |TAMS 0x000000008dc00000| PB 0x000000008dc00000| Untracked |  0
|  55|0x000000008dd00000, 0x000000008de00000, 0x000000008de00000|100%| O|  |TAMS 0x000000008dd00000| PB 0x000000008dd00000| Untracked |  0
|  56|0x000000008de00000, 0x000000008df00000, 0x000000008df00000|100%| O|  |TAMS 0x000000008de00000| PB 0x000000008de00000| Untracked |  0
|  57|0x000000008df00000, 0x000000008e000000, 0x000000008e000000|100%| O|  |TAMS 0x000000008df00000| PB 0x000000008df00000| Untracked |  0
|  58|0x000000008e000000, 0x000000008e100000, 0x000000008e100000|100%| O|  |TAMS 0x000000008e000000| PB 0x000000008e000000| Untracked |  0
|  59|0x000000008e100000, 0x000000008e200000, 0x000000008e200000|100%| O|  |TAMS 0x000000008e100000| PB 0x000000008e100000| Untracked |  0
|  60|0x000000008e200000, 0x000000008e300000, 0x000000008e300000|100%| O|  |TAMS 0x000000008e200000| PB 0x000000008e200000| Untracked |  0
|  61|0x000000008e300000, 0x000000008e400000, 0x000000008e400000|100%| O|  |TAMS 0x000000008e300000| PB 0x000000008e300000| Untracked |  0
|  62|0x000000008e400000, 0x000000008e500000, 0x000000008e500000|100%| O|  |TAMS 0x000000008e400000| PB 0x000000008e400000| Untracked |  0
|  63|0x000000008e500000, 0x000000008e600000, 0x000000008e600000|100%| O|  |TAMS 0x000000008e500000| PB 0x000000008e500000| Untracked |  0
|  64|0x000000008e600000, 0x000000008e700000, 0x000000008e700000|100%| O|  |TAMS 0x000000008e600000| PB 0x000000008e600000| Untracked |  0
|  65|0x000000008e700000, 0x000000008e800000, 0x000000008e800000|100%| O|  |TAMS 0x000000008e700000| PB 0x000000008e700000| Untracked |  0
|  66|0x000000008e800000, 0x000000008e900000, 0x000000008e900000|100%| O|  |TAMS 0x000000008e800000| PB 0x000000008e800000| Untracked |  0
|  67|0x000000008e900000, 0x000000008ea00000, 0x000000008ea00000|100%| O|  |TAMS 0x000000008e900000| PB 0x000000008e900000| Untracked |  0
|  68|0x000000008ea00000, 0x000000008eb00000, 0x000000008eb00000|100%| O|  |TAMS 0x000000008ea00000| PB 0x000000008ea00000| Untracked |  0
|  69|0x000000008eb00000, 0x000000008ec00000, 0x000000008ec00000|100%| O|  |TAMS 0x000000008eb00000| PB 0x000000008eb00000| Untracked |  0
|  70|0x000000008ec00000, 0x000000008ed00000, 0x000000008ed00000|100%| O|  |TAMS 0x000000008ec00000| PB 0x000000008ec00000| Untracked |  0
|  71|0x000000008ed00000, 0x000000008ee00000, 0x000000008ee00000|100%| O|  |TAMS 0x000000008ed00000| PB 0x000000008ed00000| Untracked |  0
|  72|0x000000008ee00000, 0x000000008ef00000, 0x000000008ef00000|100%| O|  |TAMS 0x000000008ee00000| PB 0x000000008ee00000| Untracked |  0
|  73|0x000000008ef00000, 0x000000008f000000, 0x000000008f000000|100%| O|  |TAMS 0x000000008ef00000| PB 0x000000008ef00000| Untracked |  0
|  74|0x000000008f000000, 0x000000008f100000, 0x000000008f100000|100%| O|  |TAMS 0x000000008f000000| PB 0x000000008f000000| Untracked |  0
|  75|0x000000008f100000, 0x000000008f200000, 0x000000008f200000|100%| O|  |TAMS 0x000000008f100000| PB 0x000000008f100000| Untracked |  0
|  76|0x000000008f200000, 0x000000008f300000, 0x000000008f300000|100%| O|  |TAMS 0x000000008f200000| PB 0x000000008f200000| Untracked |  0
|  77|0x000000008f300000, 0x000000008f400000, 0x000000008f400000|100%| O|  |TAMS 0x000000008f300000| PB 0x000000008f300000| Untracked |  0
|  78|0x000000008f400000, 0x000000008f500000, 0x000000008f500000|100%| O|  |TAMS 0x000000008f400000| PB 0x000000008f400000| Untracked |  0
|  79|0x000000008f500000, 0x000000008f600000, 0x000000008f600000|100%| O|  |TAMS 0x000000008f500000| PB 0x000000008f500000| Untracked |  0
|  80|0x000000008f600000, 0x000000008f700000, 0x000000008f700000|100%| O|  |TAMS 0x000000008f600000| PB 0x000000008f600000| Untracked |  0
|  81|0x000000008f700000, 0x000000008f800000, 0x000000008f800000|100%| O|  |TAMS 0x000000008f700000| PB 0x000000008f700000| Untracked |  0
|  82|0x000000008f800000, 0x000000008f900000, 0x000000008f900000|100%| O|  |TAMS 0x000000008f800000| PB 0x000000008f800000| Untracked |  0
|  83|0x000000008f900000, 0x000000008fa00000, 0x000000008fa00000|100%| O|  |TAMS 0x000000008f900000| PB 0x000000008f900000| Untracked |  0
|  84|0x000000008fa00000, 0x000000008fb00000, 0x000000008fb00000|100%| O|  |TAMS 0x000000008fa00000| PB 0x000000008fa00000| Untracked |  0
|  85|0x000000008fb00000, 0x000000008fc00000, 0x000000008fc00000|100%| O|  |TAMS 0x000000008fb00000| PB 0x000000008fb00000| Untracked |  0
|  86|0x000000008fc00000, 0x000000008fd00000, 0x000000008fd00000|100%| O|  |TAMS 0x000000008fc00000| PB 0x000000008fc00000| Untracked |  0
|  87|0x000000008fd00000, 0x000000008fe00000, 0x000000008fe00000|100%| O|  |TAMS 0x000000008fd00000| PB 0x000000008fd00000| Untracked |  0
|  88|0x000000008fe00000, 0x000000008ff00000, 0x000000008ff00000|100%| O|  |TAMS 0x000000008fe00000| PB 0x000000008fe00000| Untracked |  0
|  89|0x000000008ff00000, 0x0000000090000000, 0x0000000090000000|100%| O|  |TAMS 0x000000008ff00000| PB 0x000000008ff00000| Untracked |  0
|  90|0x0000000090000000, 0x0000000090100000, 0x0000000090100000|100%| O|  |TAMS 0x0000000090000000| PB 0x0000000090000000| Untracked |  0
|  91|0x0000000090100000, 0x0000000090200000, 0x0000000090200000|100%| O|  |TAMS 0x0000000090100000| PB 0x0000000090100000| Untracked |  0
|  92|0x0000000090200000, 0x0000000090300000, 0x0000000090300000|100%| O|  |TAMS 0x0000000090200000| PB 0x0000000090200000| Untracked |  0
|  93|0x0000000090300000, 0x0000000090400000, 0x0000000090400000|100%| O|  |TAMS 0x0000000090300000| PB 0x0000000090300000| Untracked |  0
|  94|0x0000000090400000, 0x0000000090500000, 0x0000000090500000|100%| O|  |TAMS 0x0000000090400000| PB 0x0000000090400000| Untracked |  0
|  95|0x0000000090500000, 0x0000000090600000, 0x0000000090600000|100%| O|  |TAMS 0x0000000090500000| PB 0x0000000090500000| Untracked |  0
|  96|0x0000000090600000, 0x0000000090700000, 0x0000000090700000|100%| O|  |TAMS 0x0000000090600000| PB 0x0000000090600000| Untracked |  0
|  97|0x0000000090700000, 0x0000000090800000, 0x0000000090800000|100%| O|  |TAMS 0x0000000090700000| PB 0x0000000090700000| Untracked |  0
|  98|0x0000000090800000, 0x0000000090900000, 0x0000000090900000|100%| O|  |TAMS 0x0000000090800000| PB 0x0000000090800000| Untracked |  0
|  99|0x0000000090900000, 0x0000000090a00000, 0x0000000090a00000|100%| O|  |TAMS 0x0000000090900000| PB 0x0000000090900000| Untracked |  0
| 100|0x0000000090a00000, 0x0000000090b00000, 0x0000000090b00000|100%| O|  |TAMS 0x0000000090a00000| PB 0x0000000090a00000| Untracked |  0
| 101|0x0000000090b00000, 0x0000000090c00000, 0x0000000090c00000|100%| O|  |TAMS 0x0000000090b00000| PB 0x0000000090b00000| Untracked |  0
| 102|0x0000000090c00000, 0x0000000090d00000, 0x0000000090d00000|100%| O|  |TAMS 0x0000000090c00000| PB 0x0000000090c00000| Untracked |  0
| 103|0x0000000090d00000, 0x0000000090e00000, 0x0000000090e00000|100%| O|  |TAMS 0x0000000090d00000| PB 0x0000000090d00000| Untracked |  0
| 104|0x0000000090e00000, 0x0000000090f00000, 0x0000000090f00000|100%| O|  |TAMS 0x0000000090e00000| PB 0x0000000090e00000| Untracked |  0
| 105|0x0000000090f00000, 0x0000000091000000, 0x0000000091000000|100%| O|  |TAMS 0x0000000090f00000| PB 0x0000000090f00000| Untracked |  0
| 106|0x0000000091000000, 0x0000000091100000, 0x0000000091100000|100%| O|  |TAMS 0x0000000091000000| PB 0x0000000091000000| Untracked |  0
| 107|0x0000000091100000, 0x0000000091200000, 0x0000000091200000|100%| O|  |TAMS 0x0000000091100000| PB 0x0000000091100000| Untracked |  0
| 108|0x0000000091200000, 0x0000000091300000, 0x0000000091300000|100%| O|  |TAMS 0x0000000091200000| PB 0x0000000091200000| Untracked |  0
| 109|0x0000000091300000, 0x0000000091400000, 0x0000000091400000|100%| O|  |TAMS 0x0000000091300000| PB 0x0000000091300000| Untracked |  0
| 110|0x0000000091400000, 0x0000000091500000, 0x0000000091500000|100%| O|  |TAMS 0x0000000091400000| PB 0x0000000091400000| Untracked |  0
| 111|0x0000000091500000, 0x0000000091600000, 0x0000000091600000|100%| O|  |TAMS 0x0000000091500000| PB 0x0000000091500000| Untracked |  0
| 112|0x0000000091600000, 0x0000000091700000, 0x0000000091700000|100%| O|  |TAMS 0x0000000091600000| PB 0x0000000091600000| Untracked |  0
| 113|0x0000000091700000, 0x0000000091800000, 0x0000000091800000|100%| O|  |TAMS 0x0000000091700000| PB 0x0000000091700000| Untracked |  0
| 114|0x0000000091800000, 0x0000000091900000, 0x0000000091900000|100%| O|  |TAMS 0x0000000091800000| PB 0x0000000091800000| Untracked |  0
| 115|0x0000000091900000, 0x0000000091a00000, 0x0000000091a00000|100%| O|  |TAMS 0x0000000091900000| PB 0x0000000091900000| Untracked |  0
| 116|0x0000000091a00000, 0x0000000091b00000, 0x0000000091b00000|100%| O|  |TAMS 0x0000000091a00000| PB 0x0000000091a00000| Untracked |  0
| 117|0x0000000091b00000, 0x0000000091c00000, 0x0000000091c00000|100%| O|  |TAMS 0x0000000091b00000| PB 0x0000000091b00000| Untracked |  0
| 118|0x0000000091c00000, 0x0000000091d00000, 0x0000000091d00000|100%| O|  |TAMS 0x0000000091c00000| PB 0x0000000091c00000| Untracked |  0
| 119|0x0000000091d00000, 0x0000000091e00000, 0x0000000091e00000|100%| O|  |TAMS 0x0000000091d00000| PB 0x0000000091d00000| Untracked |  0
| 120|0x0000000091e00000, 0x0000000091f00000, 0x0000000091f00000|100%| O|  |TAMS 0x0000000091e00000| PB 0x0000000091e00000| Untracked |  0
| 121|0x0000000091f00000, 0x0000000092000000, 0x0000000092000000|100%| O|  |TAMS 0x0000000091f00000| PB 0x0000000091f00000| Untracked |  0
| 122|0x0000000092000000, 0x0000000092100000, 0x0000000092100000|100%| O|  |TAMS 0x0000000092000000| PB 0x0000000092000000| Untracked |  0
| 123|0x0000000092100000, 0x0000000092200000, 0x0000000092200000|100%| O|  |TAMS 0x0000000092100000| PB 0x0000000092100000| Untracked |  0
| 124|0x0000000092200000, 0x0000000092300000, 0x0000000092300000|100%| O|  |TAMS 0x0000000092200000| PB 0x0000000092200000| Untracked |  0
| 125|0x0000000092300000, 0x0000000092400000, 0x0000000092400000|100%| O|  |TAMS 0x0000000092300000| PB 0x0000000092300000| Untracked |  0
| 126|0x0000000092400000, 0x0000000092500000, 0x0000000092500000|100%| O|  |TAMS 0x0000000092400000| PB 0x0000000092400000| Untracked |  0
| 127|0x0000000092500000, 0x0000000092600000, 0x0000000092600000|100%| O|  |TAMS 0x0000000092500000| PB 0x0000000092500000| Untracked |  0
| 128|0x0000000092600000, 0x0000000092700000, 0x0000000092700000|100%| O|  |TAMS 0x0000000092600000| PB 0x0000000092600000| Untracked |  0
| 129|0x0000000092700000, 0x0000000092800000, 0x0000000092800000|100%| O|  |TAMS 0x0000000092700000| PB 0x0000000092700000| Untracked |  0
| 130|0x0000000092800000, 0x0000000092900000, 0x0000000092900000|100%| O|  |TAMS 0x0000000092800000| PB 0x0000000092800000| Untracked |  0
| 131|0x0000000092900000, 0x0000000092a00000, 0x0000000092a00000|100%| O|  |TAMS 0x0000000092900000| PB 0x0000000092900000| Untracked |  0
| 132|0x0000000092a00000, 0x0000000092b00000, 0x0000000092b00000|100%| O|  |TAMS 0x0000000092a00000| PB 0x0000000092a00000| Untracked |  0
| 133|0x0000000092b00000, 0x0000000092c00000, 0x0000000092c00000|100%| O|  |TAMS 0x0000000092b00000| PB 0x0000000092b00000| Untracked |  0
| 134|0x0000000092c00000, 0x0000000092d00000, 0x0000000092d00000|100%| O|  |TAMS 0x0000000092c00000| PB 0x0000000092c00000| Untracked |  0
| 135|0x0000000092d00000, 0x0000000092e00000, 0x0000000092e00000|100%| O|  |TAMS 0x0000000092d00000| PB 0x0000000092d00000| Untracked |  0
| 136|0x0000000092e00000, 0x0000000092f00000, 0x0000000092f00000|100%| O|  |TAMS 0x0000000092e00000| PB 0x0000000092e00000| Untracked |  0
| 137|0x0000000092f00000, 0x0000000093000000, 0x0000000093000000|100%| O|  |TAMS 0x0000000092f00000| PB 0x0000000092f00000| Untracked |  0
| 138|0x0000000093000000, 0x0000000093100000, 0x0000000093100000|100%| O|  |TAMS 0x0000000093000000| PB 0x0000000093000000| Untracked |  0
| 139|0x0000000093100000, 0x0000000093200000, 0x0000000093200000|100%| O|  |TAMS 0x0000000093100000| PB 0x0000000093100000| Untracked |  0
| 140|0x0000000093200000, 0x0000000093300000, 0x0000000093300000|100%| O|  |TAMS 0x0000000093200000| PB 0x0000000093200000| Untracked |  0
| 141|0x0000000093300000, 0x0000000093400000, 0x0000000093400000|100%| O|  |TAMS 0x0000000093300000| PB 0x0000000093300000| Untracked |  0
| 142|0x0000000093400000, 0x0000000093500000, 0x0000000093500000|100%| O|  |TAMS 0x0000000093400000| PB 0x0000000093400000| Untracked |  0
| 143|0x0000000093500000, 0x0000000093600000, 0x0000000093600000|100%| O|  |TAMS 0x0000000093500000| PB 0x0000000093500000| Untracked |  0
| 144|0x0000000093600000, 0x0000000093700000, 0x0000000093700000|100%| O|  |TAMS 0x0000000093600000| PB 0x0000000093600000| Untracked |  0
| 145|0x0000000093700000, 0x0000000093800000, 0x0000000093800000|100%| O|  |TAMS 0x0000000093700000| PB 0x0000000093700000| Untracked |  0
| 146|0x0000000093800000, 0x0000000093900000, 0x0000000093900000|100%| O|  |TAMS 0x0000000093800000| PB 0x0000000093800000| Untracked |  0
| 147|0x0000000093900000, 0x0000000093a00000, 0x0000000093a00000|100%| O|  |TAMS 0x0000000093900000| PB 0x0000000093900000| Untracked |  0
| 148|0x0000000093a00000, 0x0000000093b00000, 0x0000000093b00000|100%| O|  |TAMS 0x0000000093a00000| PB 0x0000000093a00000| Untracked |  0
| 149|0x0000000093b00000, 0x0000000093c00000, 0x0000000093c00000|100%| O|  |TAMS 0x0000000093b00000| PB 0x0000000093b00000| Untracked |  0
| 150|0x0000000093c00000, 0x0000000093d00000, 0x0000000093d00000|100%| O|  |TAMS 0x0000000093c00000| PB 0x0000000093c00000| Untracked |  0
| 151|0x0000000093d00000, 0x0000000093e00000, 0x0000000093e00000|100%| O|  |TAMS 0x0000000093d00000| PB 0x0000000093d00000| Untracked |  0
| 152|0x0000000093e00000, 0x0000000093f00000, 0x0000000093f00000|100%| O|  |TAMS 0x0000000093e00000| PB 0x0000000093e00000| Untracked |  0
| 153|0x0000000093f00000, 0x0000000094000000, 0x0000000094000000|100%| O|  |TAMS 0x0000000093f00000| PB 0x0000000093f00000| Untracked |  0
| 154|0x0000000094000000, 0x0000000094100000, 0x0000000094100000|100%| O|  |TAMS 0x0000000094000000| PB 0x0000000094000000| Untracked |  0
| 155|0x0000000094100000, 0x0000000094200000, 0x0000000094200000|100%| O|  |TAMS 0x0000000094100000| PB 0x0000000094100000| Untracked |  0
| 156|0x0000000094200000, 0x0000000094300000, 0x0000000094300000|100%| O|  |TAMS 0x0000000094200000| PB 0x0000000094200000| Untracked |  0
| 157|0x0000000094300000, 0x0000000094400000, 0x0000000094400000|100%| O|  |TAMS 0x0000000094300000| PB 0x0000000094300000| Untracked |  0
| 158|0x0000000094400000, 0x0000000094500000, 0x0000000094500000|100%| O|  |TAMS 0x0000000094400000| PB 0x0000000094400000| Untracked |  0
| 159|0x0000000094500000, 0x0000000094600000, 0x0000000094600000|100%| O|  |TAMS 0x0000000094500000| PB 0x0000000094500000| Untracked |  0
| 160|0x0000000094600000, 0x0000000094700000, 0x0000000094700000|100%| O|  |TAMS 0x0000000094600000| PB 0x0000000094600000| Untracked |  0
| 161|0x0000000094700000, 0x0000000094800000, 0x0000000094800000|100%|HS|  |TAMS 0x0000000094700000| PB 0x0000000094700000| Complete |  0
| 162|0x0000000094800000, 0x0000000094900000, 0x0000000094900000|100%|HC|  |TAMS 0x0000000094800000| PB 0x0000000094800000| Complete |  0
| 163|0x0000000094900000, 0x0000000094a00000, 0x0000000094a00000|100%|HC|  |TAMS 0x0000000094900000| PB 0x0000000094900000| Complete |  0
| 164|0x0000000094a00000, 0x0000000094b00000, 0x0000000094b00000|100%|HC|  |TAMS 0x0000000094a00000| PB 0x0000000094a00000| Complete |  0
| 165|0x0000000094b00000, 0x0000000094c00000, 0x0000000094c00000|100%| O|  |TAMS 0x0000000094b00000| PB 0x0000000094b00000| Untracked |  0
| 166|0x0000000094c00000, 0x0000000094d00000, 0x0000000094d00000|100%| O|  |TAMS 0x0000000094c00000| PB 0x0000000094c00000| Untracked |  0
| 167|0x0000000094d00000, 0x0000000094e00000, 0x0000000094e00000|100%| O|  |TAMS 0x0000000094d00000| PB 0x0000000094d00000| Untracked |  0
| 168|0x0000000094e00000, 0x0000000094f00000, 0x0000000094f00000|100%| O|  |TAMS 0x0000000094e00000| PB 0x0000000094e00000| Untracked |  0
| 169|0x0000000094f00000, 0x0000000095000000, 0x0000000095000000|100%| O|  |TAMS 0x0000000094f00000| PB 0x0000000094f00000| Untracked |  0
| 170|0x0000000095000000, 0x0000000095100000, 0x0000000095100000|100%| O|  |TAMS 0x0000000095000000| PB 0x0000000095000000| Untracked |  0
| 171|0x0000000095100000, 0x0000000095200000, 0x0000000095200000|100%| O|  |TAMS 0x0000000095100000| PB 0x0000000095100000| Untracked |  0
| 172|0x0000000095200000, 0x0000000095300000, 0x0000000095300000|100%| O|  |TAMS 0x0000000095200000| PB 0x0000000095200000| Untracked |  0
| 173|0x0000000095300000, 0x0000000095400000, 0x0000000095400000|100%| O|  |TAMS 0x0000000095300000| PB 0x0000000095300000| Untracked |  0
| 174|0x0000000095400000, 0x0000000095500000, 0x0000000095500000|100%| O|  |TAMS 0x0000000095400000| PB 0x0000000095400000| Untracked |  0
| 175|0x0000000095500000, 0x0000000095600000, 0x0000000095600000|100%| O|  |TAMS 0x0000000095500000| PB 0x0000000095500000| Untracked |  0
| 176|0x0000000095600000, 0x0000000095700000, 0x0000000095700000|100%| O|  |TAMS 0x0000000095600000| PB 0x0000000095600000| Untracked |  0
| 177|0x0000000095700000, 0x0000000095800000, 0x0000000095800000|100%| O|  |TAMS 0x0000000095700000| PB 0x0000000095700000| Untracked |  0
| 178|0x0000000095800000, 0x0000000095900000, 0x0000000095900000|100%| O|  |TAMS 0x0000000095800000| PB 0x0000000095800000| Untracked |  0
| 179|0x0000000095900000, 0x0000000095a00000, 0x0000000095a00000|100%| O|  |TAMS 0x0000000095900000| PB 0x0000000095900000| Untracked |  0
| 180|0x0000000095a00000, 0x0000000095b00000, 0x0000000095b00000|100%| O|  |TAMS 0x0000000095a00000| PB 0x0000000095a00000| Untracked |  0
| 181|0x0000000095b00000, 0x0000000095c00000, 0x0000000095c00000|100%| O|  |TAMS 0x0000000095b00000| PB 0x0000000095b00000| Untracked |  0
| 182|0x0000000095c00000, 0x0000000095d00000, 0x0000000095d00000|100%| O|  |TAMS 0x0000000095c00000| PB 0x0000000095c00000| Untracked |  0
| 183|0x0000000095d00000, 0x0000000095e00000, 0x0000000095e00000|100%| O|  |TAMS 0x0000000095d00000| PB 0x0000000095d00000| Untracked |  0
| 184|0x0000000095e00000, 0x0000000095f00000, 0x0000000095f00000|100%| O|  |TAMS 0x0000000095e00000| PB 0x0000000095e00000| Untracked |  0
| 185|0x0000000095f00000, 0x0000000096000000, 0x0000000096000000|100%| O|  |TAMS 0x0000000095f00000| PB 0x0000000095f00000| Untracked |  0
| 186|0x0000000096000000, 0x0000000096100000, 0x0000000096100000|100%| O|  |TAMS 0x0000000096000000| PB 0x0000000096000000| Untracked |  0
| 187|0x0000000096100000, 0x0000000096200000, 0x0000000096200000|100%| O|  |TAMS 0x0000000096100000| PB 0x0000000096100000| Untracked |  0
| 188|0x0000000096200000, 0x0000000096300000, 0x0000000096300000|100%| O|  |TAMS 0x0000000096200000| PB 0x0000000096200000| Untracked |  0
| 189|0x0000000096300000, 0x0000000096400000, 0x0000000096400000|100%| O|  |TAMS 0x0000000096300000| PB 0x0000000096300000| Untracked |  0
| 190|0x0000000096400000, 0x0000000096500000, 0x0000000096500000|100%| O|  |TAMS 0x0000000096400000| PB 0x0000000096400000| Untracked |  0
| 191|0x0000000096500000, 0x0000000096600000, 0x0000000096600000|100%| O|  |TAMS 0x0000000096500000| PB 0x0000000096500000| Untracked |  0
| 192|0x0000000096600000, 0x0000000096700000, 0x0000000096700000|100%| O|  |TAMS 0x0000000096600000| PB 0x0000000096600000| Untracked |  0
| 193|0x0000000096700000, 0x0000000096800000, 0x0000000096800000|100%| O|  |TAMS 0x0000000096700000| PB 0x0000000096700000| Untracked |  0
| 194|0x0000000096800000, 0x0000000096900000, 0x0000000096900000|100%| O|  |TAMS 0x0000000096800000| PB 0x0000000096800000| Untracked |  0
| 195|0x0000000096900000, 0x0000000096a00000, 0x0000000096a00000|100%| O|  |TAMS 0x0000000096900000| PB 0x0000000096900000| Untracked |  0
| 196|0x0000000096a00000, 0x0000000096b00000, 0x0000000096b00000|100%| O|  |TAMS 0x0000000096a00000| PB 0x0000000096a00000| Untracked |  0
| 197|0x0000000096b00000, 0x0000000096c00000, 0x0000000096c00000|100%| O|  |TAMS 0x0000000096b00000| PB 0x0000000096b00000| Untracked |  0
| 198|0x0000000096c00000, 0x0000000096d00000, 0x0000000096d00000|100%| O|  |TAMS 0x0000000096c00000| PB 0x0000000096c00000| Untracked |  0
| 199|0x0000000096d00000, 0x0000000096e00000, 0x0000000096e00000|100%| O|  |TAMS 0x0000000096d00000| PB 0x0000000096d00000| Untracked |  0
| 200|0x0000000096e00000, 0x0000000096f00000, 0x0000000096f00000|100%| O|  |TAMS 0x0000000096e00000| PB 0x0000000096e00000| Untracked |  0
| 201|0x0000000096f00000, 0x0000000097000000, 0x0000000097000000|100%| O|  |TAMS 0x0000000096f00000| PB 0x0000000096f00000| Untracked |  0
| 202|0x0000000097000000, 0x0000000097100000, 0x0000000097100000|100%| O|  |TAMS 0x0000000097000000| PB 0x0000000097000000| Untracked |  0
| 203|0x0000000097100000, 0x0000000097200000, 0x0000000097200000|100%| O|  |TAMS 0x0000000097100000| PB 0x0000000097100000| Untracked |  0
| 204|0x0000000097200000, 0x0000000097300000, 0x0000000097300000|100%| O|  |TAMS 0x0000000097200000| PB 0x0000000097200000| Untracked |  0
| 205|0x0000000097300000, 0x0000000097400000, 0x0000000097400000|100%| O|  |TAMS 0x0000000097300000| PB 0x0000000097300000| Untracked |  0
| 206|0x0000000097400000, 0x0000000097500000, 0x0000000097500000|100%| O|  |TAMS 0x0000000097400000| PB 0x0000000097400000| Untracked |  0
| 207|0x0000000097500000, 0x0000000097600000, 0x0000000097600000|100%| O|  |TAMS 0x0000000097500000| PB 0x0000000097500000| Untracked |  0
| 208|0x0000000097600000, 0x0000000097700000, 0x0000000097700000|100%| O|  |TAMS 0x0000000097600000| PB 0x0000000097600000| Untracked |  0
| 209|0x0000000097700000, 0x0000000097800000, 0x0000000097800000|100%| O|  |TAMS 0x0000000097700000| PB 0x0000000097700000| Untracked |  0
| 210|0x0000000097800000, 0x0000000097900000, 0x0000000097900000|100%| O|  |TAMS 0x0000000097800000| PB 0x0000000097800000| Untracked |  0
| 211|0x0000000097900000, 0x0000000097a00000, 0x0000000097a00000|100%| O|  |TAMS 0x0000000097900000| PB 0x0000000097900000| Untracked |  0
| 212|0x0000000097a00000, 0x0000000097b00000, 0x0000000097b00000|100%| O|  |TAMS 0x0000000097a00000| PB 0x0000000097a00000| Untracked |  0
| 213|0x0000000097b00000, 0x0000000097c00000, 0x0000000097c00000|100%| O|  |TAMS 0x0000000097b00000| PB 0x0000000097b00000| Untracked |  0
| 214|0x0000000097c00000, 0x0000000097d00000, 0x0000000097d00000|100%| O|  |TAMS 0x0000000097c00000| PB 0x0000000097c00000| Untracked |  0
| 215|0x0000000097d00000, 0x0000000097e00000, 0x0000000097e00000|100%| O|  |TAMS 0x0000000097d00000| PB 0x0000000097d00000| Untracked |  0
| 216|0x0000000097e00000, 0x0000000097f00000, 0x0000000097f00000|100%| O|  |TAMS 0x0000000097e00000| PB 0x0000000097e00000| Untracked |  0
| 217|0x0000000097f00000, 0x0000000098000000, 0x0000000098000000|100%| O|  |TAMS 0x0000000097f00000| PB 0x0000000097f00000| Untracked |  0
| 218|0x0000000098000000, 0x0000000098100000, 0x0000000098100000|100%| O|  |TAMS 0x0000000098000000| PB 0x0000000098000000| Untracked |  0
| 219|0x0000000098100000, 0x0000000098200000, 0x0000000098200000|100%| O|  |TAMS 0x0000000098100000| PB 0x0000000098100000| Untracked |  0
| 220|0x0000000098200000, 0x0000000098300000, 0x0000000098300000|100%| O|  |TAMS 0x0000000098200000| PB 0x0000000098200000| Untracked |  0
| 221|0x0000000098300000, 0x0000000098400000, 0x0000000098400000|100%| O|  |TAMS 0x0000000098300000| PB 0x0000000098300000| Untracked |  0
| 222|0x0000000098400000, 0x0000000098500000, 0x0000000098500000|100%| O|  |TAMS 0x0000000098400000| PB 0x0000000098400000| Untracked |  0
| 223|0x0000000098500000, 0x0000000098600000, 0x0000000098600000|100%| O|  |TAMS 0x0000000098500000| PB 0x0000000098500000| Untracked |  0
| 224|0x0000000098600000, 0x0000000098700000, 0x0000000098700000|100%| O|  |TAMS 0x0000000098600000| PB 0x0000000098600000| Untracked |  0
| 225|0x0000000098700000, 0x0000000098800000, 0x0000000098800000|100%| O|  |TAMS 0x0000000098700000| PB 0x0000000098700000| Untracked |  0
| 226|0x0000000098800000, 0x0000000098900000, 0x0000000098900000|100%| O|  |TAMS 0x0000000098800000| PB 0x0000000098800000| Untracked |  0
| 227|0x0000000098900000, 0x0000000098a00000, 0x0000000098a00000|100%| O|  |TAMS 0x0000000098900000| PB 0x0000000098900000| Untracked |  0
| 228|0x0000000098a00000, 0x0000000098b00000, 0x0000000098b00000|100%| O|  |TAMS 0x0000000098a00000| PB 0x0000000098a00000| Untracked |  0
| 229|0x0000000098b00000, 0x0000000098c00000, 0x0000000098c00000|100%| O|  |TAMS 0x0000000098b00000| PB 0x0000000098b00000| Untracked |  0
| 230|0x0000000098c00000, 0x0000000098d00000, 0x0000000098d00000|100%| O|  |TAMS 0x0000000098c00000| PB 0x0000000098c00000| Untracked |  0
| 231|0x0000000098d00000, 0x0000000098e00000, 0x0000000098e00000|100%| O|  |TAMS 0x0000000098d00000| PB 0x0000000098d00000| Untracked |  0
| 232|0x0000000098e00000, 0x0000000098f00000, 0x0000000098f00000|100%| O|  |TAMS 0x0000000098e00000| PB 0x0000000098e00000| Untracked |  0
| 233|0x0000000098f00000, 0x0000000099000000, 0x0000000099000000|100%| O|  |TAMS 0x0000000098f00000| PB 0x0000000098f00000| Untracked |  0
| 234|0x0000000099000000, 0x0000000099100000, 0x0000000099100000|100%| O|  |TAMS 0x0000000099000000| PB 0x0000000099000000| Untracked |  0
| 235|0x0000000099100000, 0x0000000099200000, 0x0000000099200000|100%| O|  |TAMS 0x0000000099100000| PB 0x0000000099100000| Untracked |  0
| 236|0x0000000099200000, 0x0000000099300000, 0x0000000099300000|100%| O|  |TAMS 0x0000000099200000| PB 0x0000000099200000| Untracked |  0
| 237|0x0000000099300000, 0x0000000099400000, 0x0000000099400000|100%| O|  |TAMS 0x0000000099300000| PB 0x0000000099300000| Untracked |  0
| 238|0x0000000099400000, 0x0000000099500000, 0x0000000099500000|100%| O|  |TAMS 0x0000000099400000| PB 0x0000000099400000| Untracked |  0
| 239|0x0000000099500000, 0x0000000099600000, 0x0000000099600000|100%| O|  |TAMS 0x0000000099500000| PB 0x0000000099500000| Untracked |  0
| 240|0x0000000099600000, 0x0000000099700000, 0x0000000099700000|100%| O|  |TAMS 0x0000000099600000| PB 0x0000000099600000| Untracked |  0
| 241|0x0000000099700000, 0x0000000099800000, 0x0000000099800000|100%| O|  |TAMS 0x0000000099700000| PB 0x0000000099700000| Untracked |  0
| 242|0x0000000099800000, 0x0000000099900000, 0x0000000099900000|100%| O|  |TAMS 0x0000000099800000| PB 0x0000000099800000| Untracked |  0
| 243|0x0000000099900000, 0x0000000099a00000, 0x0000000099a00000|100%| O|  |TAMS 0x0000000099900000| PB 0x0000000099900000| Untracked |  0
| 244|0x0000000099a00000, 0x0000000099b00000, 0x0000000099b00000|100%| O|  |TAMS 0x0000000099a00000| PB 0x0000000099a00000| Untracked |  0
| 245|0x0000000099b00000, 0x0000000099c00000, 0x0000000099c00000|100%| O|  |TAMS 0x0000000099b00000| PB 0x0000000099b00000| Untracked |  0
| 246|0x0000000099c00000, 0x0000000099d00000, 0x0000000099d00000|100%| O|  |TAMS 0x0000000099c00000| PB 0x0000000099c00000| Untracked |  0
| 247|0x0000000099d00000, 0x0000000099e00000, 0x0000000099e00000|100%| O|  |TAMS 0x0000000099d00000| PB 0x0000000099d00000| Untracked |  0
| 248|0x0000000099e00000, 0x0000000099f00000, 0x0000000099f00000|100%|HS|  |TAMS 0x0000000099e00000| PB 0x0000000099e00000| Complete |  0
| 249|0x0000000099f00000, 0x000000009a000000, 0x000000009a000000|100%|HS|  |TAMS 0x0000000099f00000| PB 0x0000000099f00000| Complete |  0
| 250|0x000000009a000000, 0x000000009a100000, 0x000000009a100000|100%| O|  |TAMS 0x000000009a000000| PB 0x000000009a000000| Untracked |  0
| 251|0x000000009a100000, 0x000000009a200000, 0x000000009a200000|100%| O|  |TAMS 0x000000009a100000| PB 0x000000009a100000| Untracked |  0
| 252|0x000000009a200000, 0x000000009a300000, 0x000000009a300000|100%| O|  |TAMS 0x000000009a200000| PB 0x000000009a200000| Untracked |  0
| 253|0x000000009a300000, 0x000000009a400000, 0x000000009a400000|100%| O|  |TAMS 0x000000009a300000| PB 0x000000009a300000| Untracked |  0
| 254|0x000000009a400000, 0x000000009a500000, 0x000000009a500000|100%| O|  |TAMS 0x000000009a400000| PB 0x000000009a400000| Untracked |  0
| 255|0x000000009a500000, 0x000000009a600000, 0x000000009a600000|100%| O|  |TAMS 0x000000009a500000| PB 0x000000009a500000| Untracked |  0
| 256|0x000000009a600000, 0x000000009a700000, 0x000000009a700000|100%| O|  |TAMS 0x000000009a600000| PB 0x000000009a600000| Untracked |  0
| 257|0x000000009a700000, 0x000000009a800000, 0x000000009a800000|100%| O|  |TAMS 0x000000009a700000| PB 0x000000009a700000| Untracked |  0
| 258|0x000000009a800000, 0x000000009a900000, 0x000000009a900000|100%| O|  |TAMS 0x000000009a800000| PB 0x000000009a800000| Untracked |  0
| 259|0x000000009a900000, 0x000000009aa00000, 0x000000009aa00000|100%| O|  |TAMS 0x000000009a900000| PB 0x000000009a900000| Untracked |  0
| 260|0x000000009aa00000, 0x000000009ab00000, 0x000000009ab00000|100%| O|  |TAMS 0x000000009aa00000| PB 0x000000009aa00000| Untracked |  0
| 261|0x000000009ab00000, 0x000000009ac00000, 0x000000009ac00000|100%| O|  |TAMS 0x000000009ab00000| PB 0x000000009ab00000| Untracked |  0
| 262|0x000000009ac00000, 0x000000009ad00000, 0x000000009ad00000|100%| O|  |TAMS 0x000000009ac00000| PB 0x000000009ac00000| Untracked |  0
| 263|0x000000009ad00000, 0x000000009ae00000, 0x000000009ae00000|100%| O|  |TAMS 0x000000009ad00000| PB 0x000000009ad00000| Untracked |  0
| 264|0x000000009ae00000, 0x000000009af00000, 0x000000009af00000|100%| O|  |TAMS 0x000000009ae00000| PB 0x000000009ae00000| Untracked |  0
| 265|0x000000009af00000, 0x000000009b000000, 0x000000009b000000|100%| O|  |TAMS 0x000000009af00000| PB 0x000000009af00000| Untracked |  0
| 266|0x000000009b000000, 0x000000009b100000, 0x000000009b100000|100%| O|  |TAMS 0x000000009b000000| PB 0x000000009b000000| Untracked |  0
| 267|0x000000009b100000, 0x000000009b200000, 0x000000009b200000|100%| O|  |TAMS 0x000000009b100000| PB 0x000000009b100000| Untracked |  0
| 268|0x000000009b200000, 0x000000009b300000, 0x000000009b300000|100%| O|  |TAMS 0x000000009b200000| PB 0x000000009b200000| Untracked |  0
| 269|0x000000009b300000, 0x000000009b400000, 0x000000009b400000|100%| O|  |TAMS 0x000000009b300000| PB 0x000000009b300000| Untracked |  0
| 270|0x000000009b400000, 0x000000009b500000, 0x000000009b500000|100%| O|  |TAMS 0x000000009b400000| PB 0x000000009b400000| Untracked |  0
| 271|0x000000009b500000, 0x000000009b500000, 0x000000009b600000|  0%| F|  |TAMS 0x000000009b500000| PB 0x000000009b500000| Untracked |  0
| 272|0x000000009b600000, 0x000000009b600000, 0x000000009b700000|  0%| F|  |TAMS 0x000000009b600000| PB 0x000000009b600000| Untracked |  0
| 273|0x000000009b700000, 0x000000009b800000, 0x000000009b800000|100%|HS|  |TAMS 0x000000009b700000| PB 0x000000009b700000| Complete |  0
| 274|0x000000009b800000, 0x000000009b900000, 0x000000009b900000|100%|HC|  |TAMS 0x000000009b800000| PB 0x000000009b800000| Complete |  0
| 275|0x000000009b900000, 0x000000009ba00000, 0x000000009ba00000|100%|HS|  |TAMS 0x000000009b900000| PB 0x000000009b900000| Complete |  0
| 276|0x000000009ba00000, 0x000000009bb00000, 0x000000009bb00000|100%|HC|  |TAMS 0x000000009ba00000| PB 0x000000009ba00000| Complete |  0
| 277|0x000000009bb00000, 0x000000009bc00000, 0x000000009bc00000|100%|HS|  |TAMS 0x000000009bb00000| PB 0x000000009bb00000| Complete |  0
| 278|0x000000009bc00000, 0x000000009bd00000, 0x000000009bd00000|100%|HS|  |TAMS 0x000000009bc00000| PB 0x000000009bc00000| Complete |  0
| 279|0x000000009bd00000, 0x000000009be00000, 0x000000009be00000|100%| O|  |TAMS 0x000000009bd00000| PB 0x000000009bd00000| Untracked |  0
| 280|0x000000009be00000, 0x000000009bf00000, 0x000000009bf00000|100%| O|  |TAMS 0x000000009be00000| PB 0x000000009be00000| Untracked |  0
| 281|0x000000009bf00000, 0x000000009c000000, 0x000000009c000000|100%| O|  |TAMS 0x000000009bf00000| PB 0x000000009bf00000| Untracked |  0
| 282|0x000000009c000000, 0x000000009c100000, 0x000000009c100000|100%|HS|  |TAMS 0x000000009c000000| PB 0x000000009c000000| Complete |  0
| 283|0x000000009c100000, 0x000000009c200000, 0x000000009c200000|100%|HS|  |TAMS 0x000000009c100000| PB 0x000000009c100000| Complete |  0
| 284|0x000000009c200000, 0x000000009c300000, 0x000000009c300000|100%| O|  |TAMS 0x000000009c200000| PB 0x000000009c200000| Untracked |  0
| 285|0x000000009c300000, 0x000000009c400000, 0x000000009c400000|100%| O|  |TAMS 0x000000009c300000| PB 0x000000009c300000| Untracked |  0
| 286|0x000000009c400000, 0x000000009c500000, 0x000000009c500000|100%| O|Cm|TAMS 0x000000009c400000| PB 0x000000009c400000| Complete |  0
| 287|0x000000009c500000, 0x000000009c600000, 0x000000009c600000|100%| O|  |TAMS 0x000000009c500000| PB 0x000000009c500000| Untracked |  0
| 288|0x000000009c600000, 0x000000009c700000, 0x000000009c700000|100%| O|  |TAMS 0x000000009c600000| PB 0x000000009c600000| Untracked |  0
| 289|0x000000009c700000, 0x000000009c800000, 0x000000009c800000|100%| O|  |TAMS 0x000000009c700000| PB 0x000000009c700000| Untracked |  0
| 290|0x000000009c800000, 0x000000009c900000, 0x000000009c900000|100%| O|  |TAMS 0x000000009c800000| PB 0x000000009c800000| Untracked |  0
| 291|0x000000009c900000, 0x000000009ca00000, 0x000000009ca00000|100%| O|  |TAMS 0x000000009c900000| PB 0x000000009c900000| Untracked |  0
| 292|0x000000009ca00000, 0x000000009cb00000, 0x000000009cb00000|100%| O|  |TAMS 0x000000009ca00000| PB 0x000000009ca00000| Untracked |  0
| 293|0x000000009cb00000, 0x000000009cc00000, 0x000000009cc00000|100%| O|  |TAMS 0x000000009cb00000| PB 0x000000009cb00000| Untracked |  0
| 294|0x000000009cc00000, 0x000000009cd00000, 0x000000009cd00000|100%| O|  |TAMS 0x000000009cc00000| PB 0x000000009cc00000| Untracked |  0
| 295|0x000000009cd00000, 0x000000009ce00000, 0x000000009ce00000|100%| O|  |TAMS 0x000000009cd00000| PB 0x000000009cd00000| Untracked |  0
| 296|0x000000009ce00000, 0x000000009cf00000, 0x000000009cf00000|100%| O|  |TAMS 0x000000009ce00000| PB 0x000000009ce00000| Untracked |  0
| 297|0x000000009cf00000, 0x000000009d000000, 0x000000009d000000|100%| O|  |TAMS 0x000000009cf00000| PB 0x000000009cf00000| Untracked |  0
| 298|0x000000009d000000, 0x000000009d100000, 0x000000009d100000|100%| O|  |TAMS 0x000000009d000000| PB 0x000000009d000000| Untracked |  0
| 299|0x000000009d100000, 0x000000009d200000, 0x000000009d200000|100%| O|  |TAMS 0x000000009d100000| PB 0x000000009d100000| Untracked |  0
| 300|0x000000009d200000, 0x000000009d300000, 0x000000009d300000|100%| O|  |TAMS 0x000000009d200000| PB 0x000000009d200000| Untracked |  0
| 301|0x000000009d300000, 0x000000009d400000, 0x000000009d400000|100%| O|  |TAMS 0x000000009d300000| PB 0x000000009d300000| Untracked |  0
| 302|0x000000009d400000, 0x000000009d500000, 0x000000009d500000|100%| O|  |TAMS 0x000000009d400000| PB 0x000000009d400000| Untracked |  0
| 303|0x000000009d500000, 0x000000009d600000, 0x000000009d600000|100%| O|  |TAMS 0x000000009d500000| PB 0x000000009d500000| Untracked |  0
| 304|0x000000009d600000, 0x000000009d700000, 0x000000009d700000|100%| O|  |TAMS 0x000000009d600000| PB 0x000000009d600000| Untracked |  0
| 305|0x000000009d700000, 0x000000009d800000, 0x000000009d800000|100%| O|  |TAMS 0x000000009d700000| PB 0x000000009d700000| Untracked |  0
| 306|0x000000009d800000, 0x000000009d900000, 0x000000009d900000|100%| O|  |TAMS 0x000000009d800000| PB 0x000000009d800000| Untracked |  0
| 307|0x000000009d900000, 0x000000009da00000, 0x000000009da00000|100%| O|  |TAMS 0x000000009d900000| PB 0x000000009d900000| Untracked |  0
| 308|0x000000009da00000, 0x000000009db00000, 0x000000009db00000|100%| O|  |TAMS 0x000000009da00000| PB 0x000000009da00000| Untracked |  0
| 309|0x000000009db00000, 0x000000009dc00000, 0x000000009dc00000|100%| O|  |TAMS 0x000000009db00000| PB 0x000000009db00000| Untracked |  0
| 310|0x000000009dc00000, 0x000000009dd00000, 0x000000009dd00000|100%| O|  |TAMS 0x000000009dc00000| PB 0x000000009dc00000| Untracked |  0
| 311|0x000000009dd00000, 0x000000009de00000, 0x000000009de00000|100%| O|  |TAMS 0x000000009dd00000| PB 0x000000009dd00000| Untracked |  0
| 312|0x000000009de00000, 0x000000009df00000, 0x000000009df00000|100%| O|  |TAMS 0x000000009de00000| PB 0x000000009de00000| Untracked |  0
| 313|0x000000009df00000, 0x000000009e000000, 0x000000009e000000|100%|HS|  |TAMS 0x000000009df00000| PB 0x000000009df00000| Complete |  0
| 314|0x000000009e000000, 0x000000009e000000, 0x000000009e100000|  0%| F|  |TAMS 0x000000009e000000| PB 0x000000009e000000| Untracked |  0
| 315|0x000000009e100000, 0x000000009e200000, 0x000000009e200000|100%| O|  |TAMS 0x000000009e100000| PB 0x000000009e100000| Untracked |  0
| 316|0x000000009e200000, 0x000000009e300000, 0x000000009e300000|100%| O|  |TAMS 0x000000009e200000| PB 0x000000009e200000| Untracked |  0
| 317|0x000000009e300000, 0x000000009e400000, 0x000000009e400000|100%| O|  |TAMS 0x000000009e300000| PB 0x000000009e300000| Untracked |  0
| 318|0x000000009e400000, 0x000000009e500000, 0x000000009e500000|100%| O|  |TAMS 0x000000009e400000| PB 0x000000009e400000| Untracked |  0
| 319|0x000000009e500000, 0x000000009e600000, 0x000000009e600000|100%| O|  |TAMS 0x000000009e500000| PB 0x000000009e500000| Untracked |  0
| 320|0x000000009e600000, 0x000000009e6707a0, 0x000000009e700000| 43%| O|  |TAMS 0x000000009e600000| PB 0x000000009e600000| Untracked |  0
| 321|0x000000009e700000, 0x000000009e700000, 0x000000009e800000|  0%| F|  |TAMS 0x000000009e700000| PB 0x000000009e700000| Untracked |  0
| 322|0x000000009e800000, 0x000000009e800000, 0x000000009e900000|  0%| F|  |TAMS 0x000000009e800000| PB 0x000000009e800000| Untracked |  0
| 323|0x000000009e900000, 0x000000009e900000, 0x000000009ea00000|  0%| F|  |TAMS 0x000000009e900000| PB 0x000000009e900000| Untracked |  0
| 324|0x000000009ea00000, 0x000000009ea00000, 0x000000009eb00000|  0%| F|  |TAMS 0x000000009ea00000| PB 0x000000009ea00000| Untracked |  0
| 325|0x000000009eb00000, 0x000000009eb00000, 0x000000009ec00000|  0%| F|  |TAMS 0x000000009eb00000| PB 0x000000009eb00000| Untracked |  0
| 326|0x000000009ec00000, 0x000000009ec00000, 0x000000009ed00000|  0%| F|  |TAMS 0x000000009ec00000| PB 0x000000009ec00000| Untracked |  0
| 327|0x000000009ed00000, 0x000000009ed00000, 0x000000009ee00000|  0%| F|  |TAMS 0x000000009ed00000| PB 0x000000009ed00000| Untracked |  0
| 328|0x000000009ee00000, 0x000000009ee00000, 0x000000009ef00000|  0%| F|  |TAMS 0x000000009ee00000| PB 0x000000009ee00000| Untracked |  0
| 329|0x000000009ef00000, 0x000000009ef00000, 0x000000009f000000|  0%| F|  |TAMS 0x000000009ef00000| PB 0x000000009ef00000| Untracked |  0
| 330|0x000000009f000000, 0x000000009f000000, 0x000000009f100000|  0%| F|  |TAMS 0x000000009f000000| PB 0x000000009f000000| Untracked |  0
| 331|0x000000009f100000, 0x000000009f100000, 0x000000009f200000|  0%| F|  |TAMS 0x000000009f100000| PB 0x000000009f100000| Untracked |  0
| 332|0x000000009f200000, 0x000000009f200000, 0x000000009f300000|  0%| F|  |TAMS 0x000000009f200000| PB 0x000000009f200000| Untracked |  0
| 333|0x000000009f300000, 0x000000009f400000, 0x000000009f400000|100%| O|  |TAMS 0x000000009f300000| PB 0x000000009f300000| Untracked |  0
| 334|0x000000009f400000, 0x000000009f500000, 0x000000009f500000|100%| O|  |TAMS 0x000000009f400000| PB 0x000000009f400000| Untracked |  0
| 335|0x000000009f500000, 0x000000009f600000, 0x000000009f600000|100%| O|  |TAMS 0x000000009f500000| PB 0x000000009f500000| Untracked |  0
| 336|0x000000009f600000, 0x000000009f700000, 0x000000009f700000|100%| O|  |TAMS 0x000000009f600000| PB 0x000000009f600000| Untracked |  0
| 337|0x000000009f700000, 0x000000009f800000, 0x000000009f800000|100%| O|  |TAMS 0x000000009f700000| PB 0x000000009f700000| Untracked |  0
| 338|0x000000009f800000, 0x000000009f900000, 0x000000009f900000|100%| O|  |TAMS 0x000000009f800000| PB 0x000000009f800000| Untracked |  0
| 339|0x000000009f900000, 0x000000009fa00000, 0x000000009fa00000|100%| O|  |TAMS 0x000000009f900000| PB 0x000000009f900000| Untracked |  0
| 340|0x000000009fa00000, 0x000000009fb00000, 0x000000009fb00000|100%| O|  |TAMS 0x000000009fa00000| PB 0x000000009fa00000| Untracked |  0
| 341|0x000000009fb00000, 0x000000009fc00000, 0x000000009fc00000|100%| O|  |TAMS 0x000000009fb00000| PB 0x000000009fb00000| Untracked |  0
| 342|0x000000009fc00000, 0x000000009fd00000, 0x000000009fd00000|100%| O|  |TAMS 0x000000009fc00000| PB 0x000000009fc00000| Untracked |  0
| 343|0x000000009fd00000, 0x000000009fe00000, 0x000000009fe00000|100%| O|  |TAMS 0x000000009fd00000| PB 0x000000009fd00000| Untracked |  0
| 344|0x000000009fe00000, 0x000000009ff00000, 0x000000009ff00000|100%| O|  |TAMS 0x000000009fe00000| PB 0x000000009fe00000| Untracked |  0
| 345|0x000000009ff00000, 0x00000000a0000000, 0x00000000a0000000|100%| O|  |TAMS 0x000000009ff00000| PB 0x000000009ff00000| Untracked |  0
| 346|0x00000000a0000000, 0x00000000a0100000, 0x00000000a0100000|100%| O|  |TAMS 0x00000000a0000000| PB 0x00000000a0000000| Untracked |  0
| 347|0x00000000a0100000, 0x00000000a0200000, 0x00000000a0200000|100%| O|  |TAMS 0x00000000a0100000| PB 0x00000000a0100000| Untracked |  0
| 348|0x00000000a0200000, 0x00000000a0300000, 0x00000000a0300000|100%| O|  |TAMS 0x00000000a0200000| PB 0x00000000a0200000| Untracked |  0
| 349|0x00000000a0300000, 0x00000000a0400000, 0x00000000a0400000|100%| O|  |TAMS 0x00000000a0300000| PB 0x00000000a0300000| Untracked |  0
| 350|0x00000000a0400000, 0x00000000a0500000, 0x00000000a0500000|100%| O|  |TAMS 0x00000000a0400000| PB 0x00000000a0400000| Untracked |  0
| 351|0x00000000a0500000, 0x00000000a0600000, 0x00000000a0600000|100%| O|  |TAMS 0x00000000a0500000| PB 0x00000000a0500000| Untracked |  0
| 352|0x00000000a0600000, 0x00000000a0700000, 0x00000000a0700000|100%| O|  |TAMS 0x00000000a0600000| PB 0x00000000a0600000| Untracked |  0
| 353|0x00000000a0700000, 0x00000000a0800000, 0x00000000a0800000|100%| O|Cm|TAMS 0x00000000a0700000| PB 0x00000000a0700000| Complete |  0
| 354|0x00000000a0800000, 0x00000000a0900000, 0x00000000a0900000|100%| O|  |TAMS 0x00000000a0800000| PB 0x00000000a0800000| Untracked |  0
| 355|0x00000000a0900000, 0x00000000a0a00000, 0x00000000a0a00000|100%| O|  |TAMS 0x00000000a0900000| PB 0x00000000a0900000| Untracked |  0
| 356|0x00000000a0a00000, 0x00000000a0b00000, 0x00000000a0b00000|100%| O|  |TAMS 0x00000000a0a00000| PB 0x00000000a0a00000| Untracked |  0
| 357|0x00000000a0b00000, 0x00000000a0b00000, 0x00000000a0c00000|  0%| F|  |TAMS 0x00000000a0b00000| PB 0x00000000a0b00000| Untracked |  0
| 358|0x00000000a0c00000, 0x00000000a0c00000, 0x00000000a0d00000|  0%| F|  |TAMS 0x00000000a0c00000| PB 0x00000000a0c00000| Untracked |  0
| 359|0x00000000a0d00000, 0x00000000a0d00000, 0x00000000a0e00000|  0%| F|  |TAMS 0x00000000a0d00000| PB 0x00000000a0d00000| Untracked |  0
| 360|0x00000000a0e00000, 0x00000000a0e00000, 0x00000000a0f00000|  0%| F|  |TAMS 0x00000000a0e00000| PB 0x00000000a0e00000| Untracked |  0
| 361|0x00000000a0f00000, 0x00000000a0f00000, 0x00000000a1000000|  0%| F|  |TAMS 0x00000000a0f00000| PB 0x00000000a0f00000| Untracked |  0
| 362|0x00000000a1000000, 0x00000000a1000000, 0x00000000a1100000|  0%| F|  |TAMS 0x00000000a1000000| PB 0x00000000a1000000| Untracked |  0
| 363|0x00000000a1100000, 0x00000000a1100000, 0x00000000a1200000|  0%| F|  |TAMS 0x00000000a1100000| PB 0x00000000a1100000| Untracked |  0
| 364|0x00000000a1200000, 0x00000000a1200000, 0x00000000a1300000|  0%| F|  |TAMS 0x00000000a1200000| PB 0x00000000a1200000| Untracked |  0
| 365|0x00000000a1300000, 0x00000000a1300000, 0x00000000a1400000|  0%| F|  |TAMS 0x00000000a1300000| PB 0x00000000a1300000| Untracked |  0
| 366|0x00000000a1400000, 0x00000000a1400000, 0x00000000a1500000|  0%| F|  |TAMS 0x00000000a1400000| PB 0x00000000a1400000| Untracked |  0
| 367|0x00000000a1500000, 0x00000000a1500000, 0x00000000a1600000|  0%| F|  |TAMS 0x00000000a1500000| PB 0x00000000a1500000| Untracked |  0
| 368|0x00000000a1600000, 0x00000000a1600000, 0x00000000a1700000|  0%| F|  |TAMS 0x00000000a1600000| PB 0x00000000a1600000| Untracked |  0
| 369|0x00000000a1700000, 0x00000000a1700000, 0x00000000a1800000|  0%| F|  |TAMS 0x00000000a1700000| PB 0x00000000a1700000| Untracked |  0
| 370|0x00000000a1800000, 0x00000000a1800000, 0x00000000a1900000|  0%| F|  |TAMS 0x00000000a1800000| PB 0x00000000a1800000| Untracked |  0
| 371|0x00000000a1900000, 0x00000000a1900000, 0x00000000a1a00000|  0%| F|  |TAMS 0x00000000a1900000| PB 0x00000000a1900000| Untracked |  0
| 372|0x00000000a1a00000, 0x00000000a1a00000, 0x00000000a1b00000|  0%| F|  |TAMS 0x00000000a1a00000| PB 0x00000000a1a00000| Untracked |  0
| 373|0x00000000a1b00000, 0x00000000a1b00000, 0x00000000a1c00000|  0%| F|  |TAMS 0x00000000a1b00000| PB 0x00000000a1b00000| Untracked |  0
| 374|0x00000000a1c00000, 0x00000000a1c00000, 0x00000000a1d00000|  0%| F|  |TAMS 0x00000000a1c00000| PB 0x00000000a1c00000| Untracked |  0
| 375|0x00000000a1d00000, 0x00000000a1d00000, 0x00000000a1e00000|  0%| F|  |TAMS 0x00000000a1d00000| PB 0x00000000a1d00000| Untracked |  0
| 376|0x00000000a1e00000, 0x00000000a1e00000, 0x00000000a1f00000|  0%| F|  |TAMS 0x00000000a1e00000| PB 0x00000000a1e00000| Untracked |  0
| 377|0x00000000a1f00000, 0x00000000a1f00000, 0x00000000a2000000|  0%| F|  |TAMS 0x00000000a1f00000| PB 0x00000000a1f00000| Untracked |  0
| 378|0x00000000a2000000, 0x00000000a2000000, 0x00000000a2100000|  0%| F|  |TAMS 0x00000000a2000000| PB 0x00000000a2000000| Untracked |  0
| 379|0x00000000a2100000, 0x00000000a2100000, 0x00000000a2200000|  0%| F|  |TAMS 0x00000000a2100000| PB 0x00000000a2100000| Untracked |  0
| 380|0x00000000a2200000, 0x00000000a2200000, 0x00000000a2300000|  0%| F|  |TAMS 0x00000000a2200000| PB 0x00000000a2200000| Untracked |  0
| 381|0x00000000a2300000, 0x00000000a2300000, 0x00000000a2400000|  0%| F|  |TAMS 0x00000000a2300000| PB 0x00000000a2300000| Untracked |  0
| 382|0x00000000a2400000, 0x00000000a2400000, 0x00000000a2500000|  0%| F|  |TAMS 0x00000000a2400000| PB 0x00000000a2400000| Untracked |  0
| 383|0x00000000a2500000, 0x00000000a2500000, 0x00000000a2600000|  0%| F|  |TAMS 0x00000000a2500000| PB 0x00000000a2500000| Untracked |  0
| 384|0x00000000a2600000, 0x00000000a2600000, 0x00000000a2700000|  0%| F|  |TAMS 0x00000000a2600000| PB 0x00000000a2600000| Untracked |  0
| 385|0x00000000a2700000, 0x00000000a2700000, 0x00000000a2800000|  0%| F|  |TAMS 0x00000000a2700000| PB 0x00000000a2700000| Untracked |  0
| 386|0x00000000a2800000, 0x00000000a2800000, 0x00000000a2900000|  0%| F|  |TAMS 0x00000000a2800000| PB 0x00000000a2800000| Untracked |  0
| 387|0x00000000a2900000, 0x00000000a2900000, 0x00000000a2a00000|  0%| F|  |TAMS 0x00000000a2900000| PB 0x00000000a2900000| Untracked |  0
| 388|0x00000000a2a00000, 0x00000000a2a00000, 0x00000000a2b00000|  0%| F|  |TAMS 0x00000000a2a00000| PB 0x00000000a2a00000| Untracked |  0
| 389|0x00000000a2b00000, 0x00000000a2b00000, 0x00000000a2c00000|  0%| F|  |TAMS 0x00000000a2b00000| PB 0x00000000a2b00000| Untracked |  0
| 390|0x00000000a2c00000, 0x00000000a2c00000, 0x00000000a2d00000|  0%| F|  |TAMS 0x00000000a2c00000| PB 0x00000000a2c00000| Untracked |  0
| 391|0x00000000a2d00000, 0x00000000a2d00000, 0x00000000a2e00000|  0%| F|  |TAMS 0x00000000a2d00000| PB 0x00000000a2d00000| Untracked |  0
| 392|0x00000000a2e00000, 0x00000000a2e00000, 0x00000000a2f00000|  0%| F|  |TAMS 0x00000000a2e00000| PB 0x00000000a2e00000| Untracked |  0
| 393|0x00000000a2f00000, 0x00000000a2f00000, 0x00000000a3000000|  0%| F|  |TAMS 0x00000000a2f00000| PB 0x00000000a2f00000| Untracked |  0
| 394|0x00000000a3000000, 0x00000000a3000000, 0x00000000a3100000|  0%| F|  |TAMS 0x00000000a3000000| PB 0x00000000a3000000| Untracked |  0
| 395|0x00000000a3100000, 0x00000000a3100000, 0x00000000a3200000|  0%| F|  |TAMS 0x00000000a3100000| PB 0x00000000a3100000| Untracked |  0
| 396|0x00000000a3200000, 0x00000000a3200000, 0x00000000a3300000|  0%| F|  |TAMS 0x00000000a3200000| PB 0x00000000a3200000| Untracked |  0
| 397|0x00000000a3300000, 0x00000000a3300000, 0x00000000a3400000|  0%| F|  |TAMS 0x00000000a3300000| PB 0x00000000a3300000| Untracked |  0
| 398|0x00000000a3400000, 0x00000000a3400000, 0x00000000a3500000|  0%| F|  |TAMS 0x00000000a3400000| PB 0x00000000a3400000| Untracked |  0
| 399|0x00000000a3500000, 0x00000000a3500000, 0x00000000a3600000|  0%| F|  |TAMS 0x00000000a3500000| PB 0x00000000a3500000| Untracked |  0
| 400|0x00000000a3600000, 0x00000000a3600000, 0x00000000a3700000|  0%| F|  |TAMS 0x00000000a3600000| PB 0x00000000a3600000| Untracked |  0
| 401|0x00000000a3700000, 0x00000000a3700000, 0x00000000a3800000|  0%| F|  |TAMS 0x00000000a3700000| PB 0x00000000a3700000| Untracked |  0
| 402|0x00000000a3800000, 0x00000000a3800000, 0x00000000a3900000|  0%| F|  |TAMS 0x00000000a3800000| PB 0x00000000a3800000| Untracked |  0
| 403|0x00000000a3900000, 0x00000000a3900000, 0x00000000a3a00000|  0%| F|  |TAMS 0x00000000a3900000| PB 0x00000000a3900000| Untracked |  0
| 404|0x00000000a3a00000, 0x00000000a3a00000, 0x00000000a3b00000|  0%| F|  |TAMS 0x00000000a3a00000| PB 0x00000000a3a00000| Untracked |  0
| 405|0x00000000a3b00000, 0x00000000a3b00000, 0x00000000a3c00000|  0%| F|  |TAMS 0x00000000a3b00000| PB 0x00000000a3b00000| Untracked |  0
| 406|0x00000000a3c00000, 0x00000000a3c00000, 0x00000000a3d00000|  0%| F|  |TAMS 0x00000000a3c00000| PB 0x00000000a3c00000| Untracked |  0
| 407|0x00000000a3d00000, 0x00000000a3d00000, 0x00000000a3e00000|  0%| F|  |TAMS 0x00000000a3d00000| PB 0x00000000a3d00000| Untracked |  0
| 408|0x00000000a3e00000, 0x00000000a3e00000, 0x00000000a3f00000|  0%| F|  |TAMS 0x00000000a3e00000| PB 0x00000000a3e00000| Untracked |  0
| 409|0x00000000a3f00000, 0x00000000a3f00000, 0x00000000a4000000|  0%| F|  |TAMS 0x00000000a3f00000| PB 0x00000000a3f00000| Untracked |  0
| 410|0x00000000a4000000, 0x00000000a4000000, 0x00000000a4100000|  0%| F|  |TAMS 0x00000000a4000000| PB 0x00000000a4000000| Untracked |  0
| 411|0x00000000a4100000, 0x00000000a4100000, 0x00000000a4200000|  0%| F|  |TAMS 0x00000000a4100000| PB 0x00000000a4100000| Untracked |  0
| 412|0x00000000a4200000, 0x00000000a4200000, 0x00000000a4300000|  0%| F|  |TAMS 0x00000000a4200000| PB 0x00000000a4200000| Untracked |  0
| 413|0x00000000a4300000, 0x00000000a4300000, 0x00000000a4400000|  0%| F|  |TAMS 0x00000000a4300000| PB 0x00000000a4300000| Untracked |  0
| 414|0x00000000a4400000, 0x00000000a4400000, 0x00000000a4500000|  0%| F|  |TAMS 0x00000000a4400000| PB 0x00000000a4400000| Untracked |  0
| 415|0x00000000a4500000, 0x00000000a4500000, 0x00000000a4600000|  0%| F|  |TAMS 0x00000000a4500000| PB 0x00000000a4500000| Untracked |  0
| 416|0x00000000a4600000, 0x00000000a4600000, 0x00000000a4700000|  0%| F|  |TAMS 0x00000000a4600000| PB 0x00000000a4600000| Untracked |  0
| 417|0x00000000a4700000, 0x00000000a4700000, 0x00000000a4800000|  0%| F|  |TAMS 0x00000000a4700000| PB 0x00000000a4700000| Untracked |  0
| 418|0x00000000a4800000, 0x00000000a4800000, 0x00000000a4900000|  0%| F|  |TAMS 0x00000000a4800000| PB 0x00000000a4800000| Untracked |  0
| 419|0x00000000a4900000, 0x00000000a4900000, 0x00000000a4a00000|  0%| F|  |TAMS 0x00000000a4900000| PB 0x00000000a4900000| Untracked |  0
| 420|0x00000000a4a00000, 0x00000000a4a00000, 0x00000000a4b00000|  0%| F|  |TAMS 0x00000000a4a00000| PB 0x00000000a4a00000| Untracked |  0
| 421|0x00000000a4b00000, 0x00000000a4b00000, 0x00000000a4c00000|  0%| F|  |TAMS 0x00000000a4b00000| PB 0x00000000a4b00000| Untracked |  0
| 422|0x00000000a4c00000, 0x00000000a4c00000, 0x00000000a4d00000|  0%| F|  |TAMS 0x00000000a4c00000| PB 0x00000000a4c00000| Untracked |  0
| 423|0x00000000a4d00000, 0x00000000a4d00000, 0x00000000a4e00000|  0%| F|  |TAMS 0x00000000a4d00000| PB 0x00000000a4d00000| Untracked |  0
| 424|0x00000000a4e00000, 0x00000000a4e00000, 0x00000000a4f00000|  0%| F|  |TAMS 0x00000000a4e00000| PB 0x00000000a4e00000| Untracked |  0
| 425|0x00000000a4f00000, 0x00000000a4f00000, 0x00000000a5000000|  0%| F|  |TAMS 0x00000000a4f00000| PB 0x00000000a4f00000| Untracked |  0
| 426|0x00000000a5000000, 0x00000000a5000000, 0x00000000a5100000|  0%| F|  |TAMS 0x00000000a5000000| PB 0x00000000a5000000| Untracked |  0
| 427|0x00000000a5100000, 0x00000000a5100000, 0x00000000a5200000|  0%| F|  |TAMS 0x00000000a5100000| PB 0x00000000a5100000| Untracked |  0
| 428|0x00000000a5200000, 0x00000000a5200000, 0x00000000a5300000|  0%| F|  |TAMS 0x00000000a5200000| PB 0x00000000a5200000| Untracked |  0
| 429|0x00000000a5300000, 0x00000000a5300000, 0x00000000a5400000|  0%| F|  |TAMS 0x00000000a5300000| PB 0x00000000a5300000| Untracked |  0
| 430|0x00000000a5400000, 0x00000000a5400000, 0x00000000a5500000|  0%| F|  |TAMS 0x00000000a5400000| PB 0x00000000a5400000| Untracked |  0
| 431|0x00000000a5500000, 0x00000000a5500000, 0x00000000a5600000|  0%| F|  |TAMS 0x00000000a5500000| PB 0x00000000a5500000| Untracked |  0
| 432|0x00000000a5600000, 0x00000000a5600000, 0x00000000a5700000|  0%| F|  |TAMS 0x00000000a5600000| PB 0x00000000a5600000| Untracked |  0
| 433|0x00000000a5700000, 0x00000000a5700000, 0x00000000a5800000|  0%| F|  |TAMS 0x00000000a5700000| PB 0x00000000a5700000| Untracked |  0
| 434|0x00000000a5800000, 0x00000000a5800000, 0x00000000a5900000|  0%| F|  |TAMS 0x00000000a5800000| PB 0x00000000a5800000| Untracked |  0
| 435|0x00000000a5900000, 0x00000000a5900000, 0x00000000a5a00000|  0%| F|  |TAMS 0x00000000a5900000| PB 0x00000000a5900000| Untracked |  0
| 436|0x00000000a5a00000, 0x00000000a5a00000, 0x00000000a5b00000|  0%| F|  |TAMS 0x00000000a5a00000| PB 0x00000000a5a00000| Untracked |  0
| 437|0x00000000a5b00000, 0x00000000a5b00000, 0x00000000a5c00000|  0%| F|  |TAMS 0x00000000a5b00000| PB 0x00000000a5b00000| Untracked |  0
| 438|0x00000000a5c00000, 0x00000000a5c00000, 0x00000000a5d00000|  0%| F|  |TAMS 0x00000000a5c00000| PB 0x00000000a5c00000| Untracked |  0
| 439|0x00000000a5d00000, 0x00000000a5d00000, 0x00000000a5e00000|  0%| F|  |TAMS 0x00000000a5d00000| PB 0x00000000a5d00000| Untracked |  0
| 440|0x00000000a5e00000, 0x00000000a5e00000, 0x00000000a5f00000|  0%| F|  |TAMS 0x00000000a5e00000| PB 0x00000000a5e00000| Untracked |  0
| 441|0x00000000a5f00000, 0x00000000a5f00000, 0x00000000a6000000|  0%| F|  |TAMS 0x00000000a5f00000| PB 0x00000000a5f00000| Untracked |  0
| 442|0x00000000a6000000, 0x00000000a6000000, 0x00000000a6100000|  0%| F|  |TAMS 0x00000000a6000000| PB 0x00000000a6000000| Untracked |  0
| 443|0x00000000a6100000, 0x00000000a6100000, 0x00000000a6200000|  0%| F|  |TAMS 0x00000000a6100000| PB 0x00000000a6100000| Untracked |  0
| 444|0x00000000a6200000, 0x00000000a6200000, 0x00000000a6300000|  0%| F|  |TAMS 0x00000000a6200000| PB 0x00000000a6200000| Untracked |  0
| 445|0x00000000a6300000, 0x00000000a6300000, 0x00000000a6400000|  0%| F|  |TAMS 0x00000000a6300000| PB 0x00000000a6300000| Untracked |  0
| 446|0x00000000a6400000, 0x00000000a6400000, 0x00000000a6500000|  0%| F|  |TAMS 0x00000000a6400000| PB 0x00000000a6400000| Untracked |  0
| 447|0x00000000a6500000, 0x00000000a6500000, 0x00000000a6600000|  0%| F|  |TAMS 0x00000000a6500000| PB 0x00000000a6500000| Untracked |  0
| 448|0x00000000a6600000, 0x00000000a6600000, 0x00000000a6700000|  0%| F|  |TAMS 0x00000000a6600000| PB 0x00000000a6600000| Untracked |  0
| 449|0x00000000a6700000, 0x00000000a6700000, 0x00000000a6800000|  0%| F|  |TAMS 0x00000000a6700000| PB 0x00000000a6700000| Untracked |  0
| 450|0x00000000a6800000, 0x00000000a6800000, 0x00000000a6900000|  0%| F|  |TAMS 0x00000000a6800000| PB 0x00000000a6800000| Untracked |  0
| 451|0x00000000a6900000, 0x00000000a6900000, 0x00000000a6a00000|  0%| F|  |TAMS 0x00000000a6900000| PB 0x00000000a6900000| Untracked |  0
| 452|0x00000000a6a00000, 0x00000000a6a00000, 0x00000000a6b00000|  0%| F|  |TAMS 0x00000000a6a00000| PB 0x00000000a6a00000| Untracked |  0
| 453|0x00000000a6b00000, 0x00000000a6b00000, 0x00000000a6c00000|  0%| F|  |TAMS 0x00000000a6b00000| PB 0x00000000a6b00000| Untracked |  0
| 454|0x00000000a6c00000, 0x00000000a6c00000, 0x00000000a6d00000|  0%| F|  |TAMS 0x00000000a6c00000| PB 0x00000000a6c00000| Untracked |  0
| 455|0x00000000a6d00000, 0x00000000a6d00000, 0x00000000a6e00000|  0%| F|  |TAMS 0x00000000a6d00000| PB 0x00000000a6d00000| Untracked |  0
| 456|0x00000000a6e00000, 0x00000000a6e00000, 0x00000000a6f00000|  0%| F|  |TAMS 0x00000000a6e00000| PB 0x00000000a6e00000| Untracked |  0
| 457|0x00000000a6f00000, 0x00000000a6f00000, 0x00000000a7000000|  0%| F|  |TAMS 0x00000000a6f00000| PB 0x00000000a6f00000| Untracked |  0
| 458|0x00000000a7000000, 0x00000000a7000000, 0x00000000a7100000|  0%| F|  |TAMS 0x00000000a7000000| PB 0x00000000a7000000| Untracked |  0
| 459|0x00000000a7100000, 0x00000000a7100000, 0x00000000a7200000|  0%| F|  |TAMS 0x00000000a7100000| PB 0x00000000a7100000| Untracked |  0
| 460|0x00000000a7200000, 0x00000000a7200000, 0x00000000a7300000|  0%| F|  |TAMS 0x00000000a7200000| PB 0x00000000a7200000| Untracked |  0
| 461|0x00000000a7300000, 0x00000000a7300000, 0x00000000a7400000|  0%| F|  |TAMS 0x00000000a7300000| PB 0x00000000a7300000| Untracked |  0
| 462|0x00000000a7400000, 0x00000000a7400000, 0x00000000a7500000|  0%| F|  |TAMS 0x00000000a7400000| PB 0x00000000a7400000| Untracked |  0
| 463|0x00000000a7500000, 0x00000000a7500000, 0x00000000a7600000|  0%| F|  |TAMS 0x00000000a7500000| PB 0x00000000a7500000| Untracked |  0
| 464|0x00000000a7600000, 0x00000000a7600000, 0x00000000a7700000|  0%| F|  |TAMS 0x00000000a7600000| PB 0x00000000a7600000| Untracked |  0
| 465|0x00000000a7700000, 0x00000000a7700000, 0x00000000a7800000|  0%| F|  |TAMS 0x00000000a7700000| PB 0x00000000a7700000| Untracked |  0
| 466|0x00000000a7800000, 0x00000000a7800000, 0x00000000a7900000|  0%| F|  |TAMS 0x00000000a7800000| PB 0x00000000a7800000| Untracked |  0
| 467|0x00000000a7900000, 0x00000000a7900000, 0x00000000a7a00000|  0%| F|  |TAMS 0x00000000a7900000| PB 0x00000000a7900000| Untracked |  0
| 468|0x00000000a7a00000, 0x00000000a7a00000, 0x00000000a7b00000|  0%| F|  |TAMS 0x00000000a7a00000| PB 0x00000000a7a00000| Untracked |  0
| 469|0x00000000a7b00000, 0x00000000a7b00000, 0x00000000a7c00000|  0%| F|  |TAMS 0x00000000a7b00000| PB 0x00000000a7b00000| Untracked |  0
| 470|0x00000000a7c00000, 0x00000000a7c00000, 0x00000000a7d00000|  0%| F|  |TAMS 0x00000000a7c00000| PB 0x00000000a7c00000| Untracked |  0
| 471|0x00000000a7d00000, 0x00000000a7d00000, 0x00000000a7e00000|  0%| F|  |TAMS 0x00000000a7d00000| PB 0x00000000a7d00000| Untracked |  0
| 472|0x00000000a7e00000, 0x00000000a7e00000, 0x00000000a7f00000|  0%| F|  |TAMS 0x00000000a7e00000| PB 0x00000000a7e00000| Untracked |  0
| 473|0x00000000a7f00000, 0x00000000a7f00000, 0x00000000a8000000|  0%| F|  |TAMS 0x00000000a7f00000| PB 0x00000000a7f00000| Untracked |  0
| 474|0x00000000a8000000, 0x00000000a8000000, 0x00000000a8100000|  0%| F|  |TAMS 0x00000000a8000000| PB 0x00000000a8000000| Untracked |  0
| 475|0x00000000a8100000, 0x00000000a8100000, 0x00000000a8200000|  0%| F|  |TAMS 0x00000000a8100000| PB 0x00000000a8100000| Untracked |  0
| 476|0x00000000a8200000, 0x00000000a8200000, 0x00000000a8300000|  0%| F|  |TAMS 0x00000000a8200000| PB 0x00000000a8200000| Untracked |  0
| 477|0x00000000a8300000, 0x00000000a8300000, 0x00000000a8400000|  0%| F|  |TAMS 0x00000000a8300000| PB 0x00000000a8300000| Untracked |  0
| 478|0x00000000a8400000, 0x00000000a84a4598, 0x00000000a8500000| 64%| S|CS|TAMS 0x00000000a8400000| PB 0x00000000a8400000| Complete |  0
| 479|0x00000000a8500000, 0x00000000a8600000, 0x00000000a8600000|100%| S|CS|TAMS 0x00000000a8500000| PB 0x00000000a8500000| Complete |  0
| 480|0x00000000a8600000, 0x00000000a8700000, 0x00000000a8700000|100%| S|CS|TAMS 0x00000000a8600000| PB 0x00000000a8600000| Complete |  0
| 481|0x00000000a8700000, 0x00000000a8800000, 0x00000000a8800000|100%| S|CS|TAMS 0x00000000a8700000| PB 0x00000000a8700000| Complete |  0
| 482|0x00000000a8800000, 0x00000000a8900000, 0x00000000a8900000|100%| S|CS|TAMS 0x00000000a8800000| PB 0x00000000a8800000| Complete |  0
| 483|0x00000000a8900000, 0x00000000a8900000, 0x00000000a8a00000|  0%| F|  |TAMS 0x00000000a8900000| PB 0x00000000a8900000| Untracked |  0
| 484|0x00000000a8a00000, 0x00000000a8a00000, 0x00000000a8b00000|  0%| F|  |TAMS 0x00000000a8a00000| PB 0x00000000a8a00000| Untracked |  0
| 485|0x00000000a8b00000, 0x00000000a8b00000, 0x00000000a8c00000|  0%| F|  |TAMS 0x00000000a8b00000| PB 0x00000000a8b00000| Untracked |  0
| 486|0x00000000a8c00000, 0x00000000a8c00000, 0x00000000a8d00000|  0%| F|  |TAMS 0x00000000a8c00000| PB 0x00000000a8c00000| Untracked |  0
| 487|0x00000000a8d00000, 0x00000000a8d00000, 0x00000000a8e00000|  0%| F|  |TAMS 0x00000000a8d00000| PB 0x00000000a8d00000| Untracked |  0
| 488|0x00000000a8e00000, 0x00000000a8e00000, 0x00000000a8f00000|  0%| F|  |TAMS 0x00000000a8e00000| PB 0x00000000a8e00000| Untracked |  0
| 489|0x00000000a8f00000, 0x00000000a8f00000, 0x00000000a9000000|  0%| F|  |TAMS 0x00000000a8f00000| PB 0x00000000a8f00000| Untracked |  0
| 490|0x00000000a9000000, 0x00000000a9000000, 0x00000000a9100000|  0%| F|  |TAMS 0x00000000a9000000| PB 0x00000000a9000000| Untracked |  0
| 491|0x00000000a9100000, 0x00000000a9100000, 0x00000000a9200000|  0%| F|  |TAMS 0x00000000a9100000| PB 0x00000000a9100000| Untracked |  0
| 492|0x00000000a9200000, 0x00000000a9200000, 0x00000000a9300000|  0%| F|  |TAMS 0x00000000a9200000| PB 0x00000000a9200000| Untracked |  0
| 493|0x00000000a9300000, 0x00000000a9300000, 0x00000000a9400000|  0%| F|  |TAMS 0x00000000a9300000| PB 0x00000000a9300000| Untracked |  0
| 494|0x00000000a9400000, 0x00000000a9400000, 0x00000000a9500000|  0%| F|  |TAMS 0x00000000a9400000| PB 0x00000000a9400000| Untracked |  0
| 495|0x00000000a9500000, 0x00000000a9500000, 0x00000000a9600000|  0%| F|  |TAMS 0x00000000a9500000| PB 0x00000000a9500000| Untracked |  0
| 496|0x00000000a9600000, 0x00000000a9600000, 0x00000000a9700000|  0%| F|  |TAMS 0x00000000a9600000| PB 0x00000000a9600000| Untracked |  0
| 497|0x00000000a9700000, 0x00000000a9700000, 0x00000000a9800000|  0%| F|  |TAMS 0x00000000a9700000| PB 0x00000000a9700000| Untracked |  0
| 498|0x00000000a9800000, 0x00000000a9800000, 0x00000000a9900000|  0%| F|  |TAMS 0x00000000a9800000| PB 0x00000000a9800000| Untracked |  0
| 499|0x00000000a9900000, 0x00000000a9900000, 0x00000000a9a00000|  0%| F|  |TAMS 0x00000000a9900000| PB 0x00000000a9900000| Untracked |  0
| 500|0x00000000a9a00000, 0x00000000a9a90e78, 0x00000000a9b00000| 56%| E|  |TAMS 0x00000000a9a00000| PB 0x00000000a9a00000| Complete |  0
| 501|0x00000000a9b00000, 0x00000000a9c00000, 0x00000000a9c00000|100%| E|CS|TAMS 0x00000000a9b00000| PB 0x00000000a9b00000| Complete |  0
| 502|0x00000000a9c00000, 0x00000000a9d00000, 0x00000000a9d00000|100%| E|CS|TAMS 0x00000000a9c00000| PB 0x00000000a9c00000| Complete |  0
| 503|0x00000000a9d00000, 0x00000000a9e00000, 0x00000000a9e00000|100%| E|CS|TAMS 0x00000000a9d00000| PB 0x00000000a9d00000| Complete |  0
| 504|0x00000000a9e00000, 0x00000000a9f00000, 0x00000000a9f00000|100%| E|CS|TAMS 0x00000000a9e00000| PB 0x00000000a9e00000| Complete |  0
| 505|0x00000000a9f00000, 0x00000000aa000000, 0x00000000aa000000|100%| E|CS|TAMS 0x00000000a9f00000| PB 0x00000000a9f00000| Complete |  0
| 506|0x00000000aa000000, 0x00000000aa100000, 0x00000000aa100000|100%| E|CS|TAMS 0x00000000aa000000| PB 0x00000000aa000000| Complete |  0
| 507|0x00000000aa100000, 0x00000000aa200000, 0x00000000aa200000|100%| E|CS|TAMS 0x00000000aa100000| PB 0x00000000aa100000| Complete |  0
| 508|0x00000000aa200000, 0x00000000aa300000, 0x00000000aa300000|100%| E|CS|TAMS 0x00000000aa200000| PB 0x00000000aa200000| Complete |  0
| 509|0x00000000aa300000, 0x00000000aa400000, 0x00000000aa400000|100%| E|CS|TAMS 0x00000000aa300000| PB 0x00000000aa300000| Complete |  0
| 510|0x00000000aa400000, 0x00000000aa500000, 0x00000000aa500000|100%| E|CS|TAMS 0x00000000aa400000| PB 0x00000000aa400000| Complete |  0
| 511|0x00000000aa500000, 0x00000000aa600000, 0x00000000aa600000|100%| E|CS|TAMS 0x00000000aa500000| PB 0x00000000aa500000| Complete |  0
| 512|0x00000000aa600000, 0x00000000aa700000, 0x00000000aa700000|100%| E|CS|TAMS 0x00000000aa600000| PB 0x00000000aa600000| Complete |  0
| 513|0x00000000aa700000, 0x00000000aa800000, 0x00000000aa800000|100%| E|CS|TAMS 0x00000000aa700000| PB 0x00000000aa700000| Complete |  0
| 514|0x00000000aa800000, 0x00000000aa900000, 0x00000000aa900000|100%| E|CS|TAMS 0x00000000aa800000| PB 0x00000000aa800000| Complete |  0
| 515|0x00000000aa900000, 0x00000000aaa00000, 0x00000000aaa00000|100%| E|CS|TAMS 0x00000000aa900000| PB 0x00000000aa900000| Complete |  0
| 516|0x00000000aaa00000, 0x00000000aab00000, 0x00000000aab00000|100%| E|CS|TAMS 0x00000000aaa00000| PB 0x00000000aaa00000| Complete |  0
| 517|0x00000000aab00000, 0x00000000aac00000, 0x00000000aac00000|100%| E|CS|TAMS 0x00000000aab00000| PB 0x00000000aab00000| Complete |  0
| 518|0x00000000aac00000, 0x00000000aad00000, 0x00000000aad00000|100%| E|CS|TAMS 0x00000000aac00000| PB 0x00000000aac00000| Complete |  0
| 519|0x00000000aad00000, 0x00000000aae00000, 0x00000000aae00000|100%| E|CS|TAMS 0x00000000aad00000| PB 0x00000000aad00000| Complete |  0
| 520|0x00000000aae00000, 0x00000000aaf00000, 0x00000000aaf00000|100%| E|CS|TAMS 0x00000000aae00000| PB 0x00000000aae00000| Complete |  0
| 521|0x00000000aaf00000, 0x00000000ab000000, 0x00000000ab000000|100%| E|CS|TAMS 0x00000000aaf00000| PB 0x00000000aaf00000| Complete |  0
| 522|0x00000000ab000000, 0x00000000ab100000, 0x00000000ab100000|100%| E|CS|TAMS 0x00000000ab000000| PB 0x00000000ab000000| Complete |  0
| 523|0x00000000ab100000, 0x00000000ab200000, 0x00000000ab200000|100%| E|CS|TAMS 0x00000000ab100000| PB 0x00000000ab100000| Complete |  0
| 524|0x00000000ab200000, 0x00000000ab300000, 0x00000000ab300000|100%| E|CS|TAMS 0x00000000ab200000| PB 0x00000000ab200000| Complete |  0
| 525|0x00000000ab300000, 0x00000000ab400000, 0x00000000ab400000|100%| E|CS|TAMS 0x00000000ab300000| PB 0x00000000ab300000| Complete |  0
| 526|0x00000000ab400000, 0x00000000ab500000, 0x00000000ab500000|100%| E|CS|TAMS 0x00000000ab400000| PB 0x00000000ab400000| Complete |  0
| 527|0x00000000ab500000, 0x00000000ab600000, 0x00000000ab600000|100%| E|CS|TAMS 0x00000000ab500000| PB 0x00000000ab500000| Complete |  0
| 528|0x00000000ab600000, 0x00000000ab700000, 0x00000000ab700000|100%| E|CS|TAMS 0x00000000ab600000| PB 0x00000000ab600000| Complete |  0
| 529|0x00000000ab700000, 0x00000000ab800000, 0x00000000ab800000|100%| E|CS|TAMS 0x00000000ab700000| PB 0x00000000ab700000| Complete |  0
| 530|0x00000000ab800000, 0x00000000ab900000, 0x00000000ab900000|100%| E|CS|TAMS 0x00000000ab800000| PB 0x00000000ab800000| Complete |  0
| 531|0x00000000ab900000, 0x00000000aba00000, 0x00000000aba00000|100%| E|CS|TAMS 0x00000000ab900000| PB 0x00000000ab900000| Complete |  0
| 532|0x00000000aba00000, 0x00000000abb00000, 0x00000000abb00000|100%| E|CS|TAMS 0x00000000aba00000| PB 0x00000000aba00000| Complete |  0
| 533|0x00000000abb00000, 0x00000000abc00000, 0x00000000abc00000|100%| E|CS|TAMS 0x00000000abb00000| PB 0x00000000abb00000| Complete |  0
| 534|0x00000000abc00000, 0x00000000abd00000, 0x00000000abd00000|100%| E|CS|TAMS 0x00000000abc00000| PB 0x00000000abc00000| Complete |  0
| 535|0x00000000abd00000, 0x00000000abe00000, 0x00000000abe00000|100%| E|CS|TAMS 0x00000000abd00000| PB 0x00000000abd00000| Complete |  0
| 536|0x00000000abe00000, 0x00000000abf00000, 0x00000000abf00000|100%| E|CS|TAMS 0x00000000abe00000| PB 0x00000000abe00000| Complete |  0
| 537|0x00000000abf00000, 0x00000000ac000000, 0x00000000ac000000|100%| E|CS|TAMS 0x00000000abf00000| PB 0x00000000abf00000| Complete |  0
| 538|0x00000000ac000000, 0x00000000ac100000, 0x00000000ac100000|100%| E|CS|TAMS 0x00000000ac000000| PB 0x00000000ac000000| Complete |  0
| 539|0x00000000ac100000, 0x00000000ac200000, 0x00000000ac200000|100%| E|CS|TAMS 0x00000000ac100000| PB 0x00000000ac100000| Complete |  0
| 540|0x00000000ac200000, 0x00000000ac300000, 0x00000000ac300000|100%| E|CS|TAMS 0x00000000ac200000| PB 0x00000000ac200000| Complete |  0
| 541|0x00000000ac300000, 0x00000000ac400000, 0x00000000ac400000|100%| E|CS|TAMS 0x00000000ac300000| PB 0x00000000ac300000| Complete |  0
| 542|0x00000000ac400000, 0x00000000ac500000, 0x00000000ac500000|100%| E|CS|TAMS 0x00000000ac400000| PB 0x00000000ac400000| Complete |  0
| 543|0x00000000ac500000, 0x00000000ac600000, 0x00000000ac600000|100%| E|CS|TAMS 0x00000000ac500000| PB 0x00000000ac500000| Complete |  0
| 544|0x00000000ac600000, 0x00000000ac700000, 0x00000000ac700000|100%| E|CS|TAMS 0x00000000ac600000| PB 0x00000000ac600000| Complete |  0
| 545|0x00000000ac700000, 0x00000000ac800000, 0x00000000ac800000|100%| E|CS|TAMS 0x00000000ac700000| PB 0x00000000ac700000| Complete |  0
| 546|0x00000000ac800000, 0x00000000ac900000, 0x00000000ac900000|100%| E|CS|TAMS 0x00000000ac800000| PB 0x00000000ac800000| Complete |  0
| 547|0x00000000ac900000, 0x00000000aca00000, 0x00000000aca00000|100%| E|CS|TAMS 0x00000000ac900000| PB 0x00000000ac900000| Complete |  0
| 548|0x00000000aca00000, 0x00000000acb00000, 0x00000000acb00000|100%| E|CS|TAMS 0x00000000aca00000| PB 0x00000000aca00000| Complete |  0
| 549|0x00000000acb00000, 0x00000000acc00000, 0x00000000acc00000|100%| E|CS|TAMS 0x00000000acb00000| PB 0x00000000acb00000| Complete |  0
| 550|0x00000000acc00000, 0x00000000acd00000, 0x00000000acd00000|100%| E|CS|TAMS 0x00000000acc00000| PB 0x00000000acc00000| Complete |  0
| 551|0x00000000acd00000, 0x00000000ace00000, 0x00000000ace00000|100%| E|CS|TAMS 0x00000000acd00000| PB 0x00000000acd00000| Complete |  0
| 552|0x00000000ace00000, 0x00000000acf00000, 0x00000000acf00000|100%| E|CS|TAMS 0x00000000ace00000| PB 0x00000000ace00000| Complete |  0
| 553|0x00000000acf00000, 0x00000000ad000000, 0x00000000ad000000|100%| E|CS|TAMS 0x00000000acf00000| PB 0x00000000acf00000| Complete |  0
| 554|0x00000000ad000000, 0x00000000ad100000, 0x00000000ad100000|100%| E|CS|TAMS 0x00000000ad000000| PB 0x00000000ad000000| Complete |  0
| 555|0x00000000ad100000, 0x00000000ad200000, 0x00000000ad200000|100%| E|CS|TAMS 0x00000000ad100000| PB 0x00000000ad100000| Complete |  0
| 556|0x00000000ad200000, 0x00000000ad300000, 0x00000000ad300000|100%| E|CS|TAMS 0x00000000ad200000| PB 0x00000000ad200000| Complete |  0
| 557|0x00000000ad300000, 0x00000000ad400000, 0x00000000ad400000|100%| E|CS|TAMS 0x00000000ad300000| PB 0x00000000ad300000| Complete |  0
| 558|0x00000000ad400000, 0x00000000ad500000, 0x00000000ad500000|100%| E|CS|TAMS 0x00000000ad400000| PB 0x00000000ad400000| Complete |  0
| 559|0x00000000ad500000, 0x00000000ad600000, 0x00000000ad600000|100%| E|CS|TAMS 0x00000000ad500000| PB 0x00000000ad500000| Complete |  0
| 560|0x00000000ad600000, 0x00000000ad700000, 0x00000000ad700000|100%| E|CS|TAMS 0x00000000ad600000| PB 0x00000000ad600000| Complete |  0
| 561|0x00000000ad700000, 0x00000000ad800000, 0x00000000ad800000|100%| E|CS|TAMS 0x00000000ad700000| PB 0x00000000ad700000| Complete |  0
| 562|0x00000000ad800000, 0x00000000ad900000, 0x00000000ad900000|100%| E|CS|TAMS 0x00000000ad800000| PB 0x00000000ad800000| Complete |  0
| 563|0x00000000ad900000, 0x00000000ada00000, 0x00000000ada00000|100%| E|CS|TAMS 0x00000000ad900000| PB 0x00000000ad900000| Complete |  0
| 564|0x00000000ada00000, 0x00000000adb00000, 0x00000000adb00000|100%| E|CS|TAMS 0x00000000ada00000| PB 0x00000000ada00000| Complete |  0
| 565|0x00000000adb00000, 0x00000000adc00000, 0x00000000adc00000|100%| E|CS|TAMS 0x00000000adb00000| PB 0x00000000adb00000| Complete |  0
| 566|0x00000000adc00000, 0x00000000add00000, 0x00000000add00000|100%| E|CS|TAMS 0x00000000adc00000| PB 0x00000000adc00000| Complete |  0
| 567|0x00000000add00000, 0x00000000ade00000, 0x00000000ade00000|100%| E|CS|TAMS 0x00000000add00000| PB 0x00000000add00000| Complete |  0
| 568|0x00000000ade00000, 0x00000000adf00000, 0x00000000adf00000|100%| E|CS|TAMS 0x00000000ade00000| PB 0x00000000ade00000| Complete |  0
| 569|0x00000000adf00000, 0x00000000ae000000, 0x00000000ae000000|100%| E|CS|TAMS 0x00000000adf00000| PB 0x00000000adf00000| Complete |  0
| 570|0x00000000ae000000, 0x00000000ae100000, 0x00000000ae100000|100%| E|CS|TAMS 0x00000000ae000000| PB 0x00000000ae000000| Complete |  0
| 571|0x00000000ae100000, 0x00000000ae200000, 0x00000000ae200000|100%| E|CS|TAMS 0x00000000ae100000| PB 0x00000000ae100000| Complete |  0
| 572|0x00000000ae200000, 0x00000000ae300000, 0x00000000ae300000|100%| E|CS|TAMS 0x00000000ae200000| PB 0x00000000ae200000| Complete |  0
| 573|0x00000000ae300000, 0x00000000ae400000, 0x00000000ae400000|100%| E|CS|TAMS 0x00000000ae300000| PB 0x00000000ae300000| Complete |  0
| 574|0x00000000ae400000, 0x00000000ae500000, 0x00000000ae500000|100%| E|CS|TAMS 0x00000000ae400000| PB 0x00000000ae400000| Complete |  0
| 575|0x00000000ae500000, 0x00000000ae600000, 0x00000000ae600000|100%| E|CS|TAMS 0x00000000ae500000| PB 0x00000000ae500000| Complete |  0
| 576|0x00000000ae600000, 0x00000000ae700000, 0x00000000ae700000|100%| E|CS|TAMS 0x00000000ae600000| PB 0x00000000ae600000| Complete |  0
| 577|0x00000000ae700000, 0x00000000ae800000, 0x00000000ae800000|100%| E|CS|TAMS 0x00000000ae700000| PB 0x00000000ae700000| Complete |  0
| 578|0x00000000ae800000, 0x00000000ae900000, 0x00000000ae900000|100%| E|CS|TAMS 0x00000000ae800000| PB 0x00000000ae800000| Complete |  0
| 579|0x00000000ae900000, 0x00000000aea00000, 0x00000000aea00000|100%| E|CS|TAMS 0x00000000ae900000| PB 0x00000000ae900000| Complete |  0
| 580|0x00000000aea00000, 0x00000000aeb00000, 0x00000000aeb00000|100%| E|CS|TAMS 0x00000000aea00000| PB 0x00000000aea00000| Complete |  0
| 581|0x00000000aeb00000, 0x00000000aec00000, 0x00000000aec00000|100%| E|CS|TAMS 0x00000000aeb00000| PB 0x00000000aeb00000| Complete |  0
| 582|0x00000000aec00000, 0x00000000aed00000, 0x00000000aed00000|100%| E|CS|TAMS 0x00000000aec00000| PB 0x00000000aec00000| Complete |  0
| 583|0x00000000aed00000, 0x00000000aee00000, 0x00000000aee00000|100%| E|CS|TAMS 0x00000000aed00000| PB 0x00000000aed00000| Complete |  0
| 584|0x00000000aee00000, 0x00000000aef00000, 0x00000000aef00000|100%| E|CS|TAMS 0x00000000aee00000| PB 0x00000000aee00000| Complete |  0
| 585|0x00000000aef00000, 0x00000000af000000, 0x00000000af000000|100%| E|CS|TAMS 0x00000000aef00000| PB 0x00000000aef00000| Complete |  0
| 586|0x00000000af000000, 0x00000000af100000, 0x00000000af100000|100%| E|CS|TAMS 0x00000000af000000| PB 0x00000000af000000| Complete |  0
| 587|0x00000000af100000, 0x00000000af200000, 0x00000000af200000|100%| E|CS|TAMS 0x00000000af100000| PB 0x00000000af100000| Complete |  0
|1860|0x00000000fea00000, 0x00000000feb00000, 0x00000000feb00000|100%| O|  |TAMS 0x00000000fea00000| PB 0x00000000fea00000| Untracked |  0
|1861|0x00000000feb00000, 0x00000000fec00000, 0x00000000fec00000|100%| O|  |TAMS 0x00000000feb00000| PB 0x00000000feb00000| Untracked |  0
|1862|0x00000000fec00000, 0x00000000fed00000, 0x00000000fed00000|100%| O|Cm|TAMS 0x00000000fec00000| PB 0x00000000fec00000| Complete |  0
|1863|0x00000000fed00000, 0x00000000fee00000, 0x00000000fee00000|100%| O|  |TAMS 0x00000000fed00000| PB 0x00000000fed00000| Untracked |  0
|1864|0x00000000fee00000, 0x00000000fef00000, 0x00000000fef00000|100%| O|  |TAMS 0x00000000fee00000| PB 0x00000000fee00000| Untracked |  0
|1865|0x00000000fef00000, 0x00000000ff000000, 0x00000000ff000000|100%| O|  |TAMS 0x00000000fef00000| PB 0x00000000fef00000| Untracked |  0
|1866|0x00000000ff000000, 0x00000000ff100000, 0x00000000ff100000|100%| O|  |TAMS 0x00000000ff000000| PB 0x00000000ff000000| Untracked |  0
|1867|0x00000000ff100000, 0x00000000ff200000, 0x00000000ff200000|100%| O|Cm|TAMS 0x00000000ff100000| PB 0x00000000ff100000| Complete |  0
|1868|0x00000000ff200000, 0x00000000ff300000, 0x00000000ff300000|100%| O|  |TAMS 0x00000000ff200000| PB 0x00000000ff200000| Untracked |  0
|1869|0x00000000ff300000, 0x00000000ff400000, 0x00000000ff400000|100%| O|Cm|TAMS 0x00000000ff300000| PB 0x00000000ff300000| Complete |  0
|1870|0x00000000ff400000, 0x00000000ff500000, 0x00000000ff500000|100%| O|  |TAMS 0x00000000ff400000| PB 0x00000000ff400000| Untracked |  0
|1871|0x00000000ff500000, 0x00000000ff600000, 0x00000000ff600000|100%| O|  |TAMS 0x00000000ff500000| PB 0x00000000ff500000| Untracked |  0
|1872|0x00000000ff600000, 0x00000000ff700000, 0x00000000ff700000|100%| O|Cm|TAMS 0x00000000ff600000| PB 0x00000000ff600000| Complete |  0
|1873|0x00000000ff700000, 0x00000000ff800000, 0x00000000ff800000|100%| O|Cm|TAMS 0x00000000ff700000| PB 0x00000000ff700000| Complete |  0
|1874|0x00000000ff800000, 0x00000000ff900000, 0x00000000ff900000|100%| O|  |TAMS 0x00000000ff800000| PB 0x00000000ff800000| Untracked |  0
|1875|0x00000000ff900000, 0x00000000ffa00000, 0x00000000ffa00000|100%| O|Cm|TAMS 0x00000000ff900000| PB 0x00000000ff900000| Complete |  0
|1876|0x00000000ffa00000, 0x00000000ffb00000, 0x00000000ffb00000|100%| O|  |TAMS 0x00000000ffa00000| PB 0x00000000ffa00000| Untracked |  0
|1877|0x00000000ffb00000, 0x00000000ffc00000, 0x00000000ffc00000|100%| O|Cm|TAMS 0x00000000ffb00000| PB 0x00000000ffb00000| Complete |  0
|1878|0x00000000ffc00000, 0x00000000ffd00000, 0x00000000ffd00000|100%| O|  |TAMS 0x00000000ffc00000| PB 0x00000000ffc00000| Untracked |  0
|1879|0x00000000ffd00000, 0x00000000ffe00000, 0x00000000ffe00000|100%| O|Cm|TAMS 0x00000000ffd00000| PB 0x00000000ffd00000| Complete |  0
|1880|0x00000000ffe00000, 0x00000000fff00000, 0x00000000fff00000|100%| O|  |TAMS 0x00000000ffe00000| PB 0x00000000ffe00000| Untracked |  0
|1881|0x00000000fff00000, 0x0000000100000000, 0x0000000100000000|100%| O|  |TAMS 0x00000000fff00000| PB 0x00000000fff00000| Untracked |  0

Card table byte_map: [0x000001bdb5770000,0x000001bdb5b20000] _byte_map_base: 0x000001bdb531d000

Marking Bits: (CMBitMap*) 0x000001bd9db6e960
 Bits: [0x000001bdb5b20000, 0x000001bdb7888000)

Polling page: 0x000001bd9bab0000

Metaspace:

Usage:
  Non-class:     51.76 MB used.
      Class:      6.32 MB used.
       Both:     58.08 MB used.

Virtual space:
  Non-class space:       64.00 MB reserved,      52.50 MB ( 82%) committed,  1 nodes.
      Class space:        1.00 GB reserved,       6.88 MB ( <1%) committed,  1 nodes.
             Both:        1.06 GB reserved,      59.38 MB (  5%) committed. 

Chunk freelists:
   Non-Class:  10.97 MB
       Class:  9.00 MB
        Both:  19.97 MB

MaxMetaspaceSize: unlimited
CompressedClassSpaceSize: 1.00 GB
Initial GC threshold: 21.00 MB
Current GC threshold: 94.19 MB
CDS: on
 - commit_granule_bytes: 65536.
 - commit_granule_words: 8192.
 - virtual_space_node_default_size: 8388608.
 - enlarge_chunks_in_place: 1.
 - use_allocation_guard: 0.


Internal statistics:

num_allocs_failed_limit: 6.
num_arena_births: 932.
num_arena_deaths: 24.
num_vsnodes_births: 2.
num_vsnodes_deaths: 0.
num_space_committed: 950.
num_space_uncommitted: 0.
num_chunks_returned_to_freelist: 38.
num_chunks_taken_from_freelist: 3343.
num_chunk_merges: 7.
num_chunk_splits: 2089.
num_chunks_enlarged: 1280.
num_inconsistent_stats: 0.

CodeHeap 'non-profiled nmethods': size=120000Kb used=6935Kb max_used=6935Kb free=113064Kb
 bounds [0x000001bdad930000, 0x000001bdae000000, 0x000001bdb4e60000]
CodeHeap 'profiled nmethods': size=120000Kb used=19090Kb max_used=19090Kb free=100909Kb
 bounds [0x000001bda5e60000, 0x000001bda7110000, 0x000001bdad390000]
CodeHeap 'non-nmethods': size=5760Kb used=1749Kb max_used=1809Kb free=4010Kb
 bounds [0x000001bdad390000, 0x000001bdad600000, 0x000001bdad930000]
 total_blobs=9932 nmethods=9166 adapters=670
 compilation: enabled
              stopped_count=0, restarted_count=0
 full_count=0

Compilation events (20 events):
Event: 18.461 Thread 0x000001bdba521a10 10927       3       org.eclipse.m2e.apt.internal.utils.PluginDependencyResolver::lambda$0 (48 bytes)
Event: 18.461 Thread 0x000001bdba521a10 nmethod 10927 0x000001bda70ead90 code [0x000001bda70eafa0, 0x000001bda70eb628]
Event: 18.461 Thread 0x000001bdba521a10 10928       1       org.eclipse.m2e.core.internal.MavenPluginActivator::getBundleContext (5 bytes)
Event: 18.461 Thread 0x000001bdba521a10 nmethod 10928 0x000001bdadfd8d10 code [0x000001bdadfd8ea0, 0x000001bdadfd8f68]
Event: 18.469 Thread 0x000001bd8012f7c0 nmethod 10756 0x000001bdadfd9010 code [0x000001bdadfd9460, 0x000001bdadfdcfe8]
Event: 18.469 Thread 0x000001bd8012f7c0 10918       4       org.eclipse.jdt.internal.compiler.classfmt.ClassFileStruct::utf8At (171 bytes)
Event: 18.478 Thread 0x000001bd8012f7c0 nmethod 10918 0x000001bdadfdf390 code [0x000001bdadfdf540, 0x000001bdadfdfc50]
Event: 18.478 Thread 0x000001bd8012f7c0 10916       4       java.io.ObjectOutputStream$HandleTable::lookup (56 bytes)
Event: 18.480 Thread 0x000001bd8012f7c0 nmethod 10916 0x000001bdadfdff10 code [0x000001bdadfe00c0, 0x000001bdadfe02e8]
Event: 18.480 Thread 0x000001bd8012f7c0 10900       4       org.eclipse.core.runtime.Path::computeHashCode (47 bytes)
Event: 18.485 Thread 0x000001bd8012f7c0 nmethod 10900 0x000001bdadfe0490 code [0x000001bdadfe06a0, 0x000001bdadfe0d20]
Event: 18.485 Thread 0x000001bd8012f7c0 10904       4       org.eclipse.jdt.internal.core.ClasspathEntry::resolveDotDot (271 bytes)
Event: 18.488 Thread 0x000001bdba521a10 10929       3       org.eclipse.jdt.internal.compiler.util.Util::scanTypeArgumentSignature (62 bytes)
Event: 18.488 Thread 0x000001bdba521a10 nmethod 10929 0x000001bda70eb810 code [0x000001bda70eba20, 0x000001bda70ebf50]
Event: 18.503 Thread 0x000001bd8012f7c0 nmethod 10904 0x000001bdadfe0f90 code [0x000001bdadfe11c0, 0x000001bdadfe1fe8]
Event: 18.503 Thread 0x000001bdba521a10 10930       3       sun.util.locale.LocaleUtils::isAlphaNumeric (20 bytes)
Event: 18.503 Thread 0x000001bdba521a10 nmethod 10930 0x000001bda70ec190 code [0x000001bda70ec340, 0x000001bda70ec6c0]
Event: 18.504 Thread 0x000001bd8012f7c0 10909       4       java.io.ObjectOutputStream$HandleTable::hash (8 bytes)
Event: 18.504 Thread 0x000001bdba5136a0 nmethod 10888% 0x000001bdadfe2690 code [0x000001bdadfe2aa0, 0x000001bdadfe5fb8]
Event: 18.541 Thread 0x000001bdba521a10 10932       3       org.eclipse.jdt.internal.compiler.classfmt.FieldInfoWithAnnotation::<init> (106 bytes)

GC Heap History (20 events):
Event: 13.164 GC heap before
{Heap before GC invocations=46 (full 0):
 garbage-first heap   total reserved 1927168K, committed 314368K, used 276721K [0x000000008a600000, 0x0000000100000000)
  region size 1024K, 102 young (104448K), 8 survivors (8192K)
 Metaspace       used 55101K, committed 56320K, reserved 1114112K
  class space    used 5999K, committed 6528K, reserved 1048576K
}
Event: 13.177 GC heap after
{Heap after GC invocations=47 (full 0):
 garbage-first heap   total reserved 1927168K, committed 314368K, used 200593K [0x000000008a600000, 0x0000000100000000)
  region size 1024K, 13 young (13312K), 13 survivors (13312K)
 Metaspace       used 55101K, committed 56320K, reserved 1114112K
  class space    used 5999K, committed 6528K, reserved 1048576K
}
Event: 13.420 GC heap before
{Heap before GC invocations=47 (full 0):
 garbage-first heap   total reserved 1927168K, committed 314368K, used 279441K [0x000000008a600000, 0x0000000100000000)
  region size 1024K, 90 young (92160K), 13 survivors (13312K)
 Metaspace       used 55101K, committed 56320K, reserved 1114112K
  class space    used 5999K, committed 6528K, reserved 1048576K
}
Event: 13.434 GC heap after
{Heap after GC invocations=48 (full 0):
 garbage-first heap   total reserved 1927168K, committed 314368K, used 213951K [0x000000008a600000, 0x0000000100000000)
  region size 1024K, 12 young (12288K), 12 survivors (12288K)
 Metaspace       used 55101K, committed 56320K, reserved 1114112K
  class space    used 5999K, committed 6528K, reserved 1048576K
}
Event: 13.648 GC heap before
{Heap before GC invocations=48 (full 0):
 garbage-first heap   total reserved 1927168K, committed 314368K, used 283583K [0x000000008a600000, 0x0000000100000000)
  region size 1024K, 80 young (81920K), 12 survivors (12288K)
 Metaspace       used 55102K, committed 56320K, reserved 1114112K
  class space    used 5999K, committed 6528K, reserved 1048576K
}
Event: 13.659 GC heap after
{Heap after GC invocations=49 (full 0):
 garbage-first heap   total reserved 1927168K, committed 314368K, used 228304K [0x000000008a600000, 0x0000000100000000)
  region size 1024K, 10 young (10240K), 10 survivors (10240K)
 Metaspace       used 55102K, committed 56320K, reserved 1114112K
  class space    used 5999K, committed 6528K, reserved 1048576K
}
Event: 13.870 GC heap before
{Heap before GC invocations=50 (full 0):
 garbage-first heap   total reserved 1927168K, committed 377856K, used 282576K [0x000000008a600000, 0x0000000100000000)
  region size 1024K, 65 young (66560K), 10 survivors (10240K)
 Metaspace       used 55102K, committed 56320K, reserved 1114112K
  class space    used 5999K, committed 6528K, reserved 1048576K
}
Event: 13.881 GC heap after
{Heap after GC invocations=51 (full 0):
 garbage-first heap   total reserved 1927168K, committed 377856K, used 237875K [0x000000008a600000, 0x0000000100000000)
  region size 1024K, 9 young (9216K), 9 survivors (9216K)
 Metaspace       used 55102K, committed 56320K, reserved 1114112K
  class space    used 5999K, committed 6528K, reserved 1048576K
}
Event: 14.249 GC heap before
{Heap before GC invocations=51 (full 0):
 garbage-first heap   total reserved 1927168K, committed 377856K, used 334131K [0x000000008a600000, 0x0000000100000000)
  region size 1024K, 103 young (105472K), 9 survivors (9216K)
 Metaspace       used 55609K, committed 56832K, reserved 1114112K
  class space    used 6063K, committed 6592K, reserved 1048576K
}
Event: 14.266 GC heap after
{Heap after GC invocations=52 (full 0):
 garbage-first heap   total reserved 1927168K, committed 377856K, used 251842K [0x000000008a600000, 0x0000000100000000)
  region size 1024K, 13 young (13312K), 13 survivors (13312K)
 Metaspace       used 55609K, committed 56832K, reserved 1114112K
  class space    used 6063K, committed 6592K, reserved 1048576K
}
Event: 14.514 GC heap before
{Heap before GC invocations=52 (full 0):
 garbage-first heap   total reserved 1927168K, committed 377856K, used 338882K [0x000000008a600000, 0x0000000100000000)
  region size 1024K, 98 young (100352K), 13 survivors (13312K)
 Metaspace       used 55768K, committed 57024K, reserved 1114112K
  class space    used 6077K, committed 6592K, reserved 1048576K
}
Event: 14.530 GC heap after
{Heap after GC invocations=53 (full 0):
 garbage-first heap   total reserved 1927168K, committed 527360K, used 265738K [0x000000008a600000, 0x0000000100000000)
  region size 1024K, 13 young (13312K), 13 survivors (13312K)
 Metaspace       used 55768K, committed 57024K, reserved 1114112K
  class space    used 6077K, committed 6592K, reserved 1048576K
}
Event: 15.295 GC heap before
{Heap before GC invocations=54 (full 0):
 garbage-first heap   total reserved 1927168K, committed 527360K, used 454154K [0x000000008a600000, 0x0000000100000000)
  region size 1024K, 195 young (199680K), 13 survivors (13312K)
 Metaspace       used 55781K, committed 57088K, reserved 1114112K
  class space    used 6077K, committed 6592K, reserved 1048576K
}
Event: 15.316 GC heap after
{Heap after GC invocations=55 (full 0):
 garbage-first heap   total reserved 1927168K, committed 527360K, used 303615K [0x000000008a600000, 0x0000000100000000)
  region size 1024K, 25 young (25600K), 25 survivors (25600K)
 Metaspace       used 55781K, committed 57088K, reserved 1114112K
  class space    used 6077K, committed 6592K, reserved 1048576K
}
Event: 16.477 GC heap before
{Heap before GC invocations=55 (full 0):
 garbage-first heap   total reserved 1927168K, committed 527360K, used 459263K [0x000000008a600000, 0x0000000100000000)
  region size 1024K, 162 young (165888K), 25 survivors (25600K)
 Metaspace       used 55978K, committed 57216K, reserved 1114112K
  class space    used 6085K, committed 6656K, reserved 1048576K
}
Event: 16.521 GC heap after
{Heap after GC invocations=56 (full 0):
 garbage-first heap   total reserved 1927168K, committed 549888K, used 373248K [0x000000008a600000, 0x0000000100000000)
  region size 1024K, 21 young (21504K), 21 survivors (21504K)
 Metaspace       used 55978K, committed 57216K, reserved 1114112K
  class space    used 6085K, committed 6656K, reserved 1048576K
}
Event: 16.908 GC heap before
{Heap before GC invocations=56 (full 0):
 garbage-first heap   total reserved 1927168K, committed 549888K, used 393728K [0x000000008a600000, 0x0000000100000000)
  region size 1024K, 43 young (44032K), 21 survivors (21504K)
 Metaspace       used 56440K, committed 57664K, reserved 1114112K
  class space    used 6125K, committed 6656K, reserved 1048576K
}
Event: 16.922 GC heap after
{Heap after GC invocations=57 (full 0):
 garbage-first heap   total reserved 1927168K, committed 549888K, used 377245K [0x000000008a600000, 0x0000000100000000)
  region size 1024K, 10 young (10240K), 10 survivors (10240K)
 Metaspace       used 56440K, committed 57664K, reserved 1114112K
  class space    used 6125K, committed 6656K, reserved 1048576K
}
Event: 18.040 GC heap before
{Heap before GC invocations=58 (full 0):
 garbage-first heap   total reserved 1927168K, committed 624640K, used 475549K [0x000000008a600000, 0x0000000100000000)
  region size 1024K, 105 young (107520K), 10 survivors (10240K)
 Metaspace       used 58103K, committed 59456K, reserved 1114112K
  class space    used 6318K, committed 6912K, reserved 1048576K
}
Event: 18.049 GC heap after
{Heap after GC invocations=59 (full 0):
 garbage-first heap   total reserved 1927168K, committed 624640K, used 375891K [0x000000008a600000, 0x0000000100000000)
  region size 1024K, 5 young (5120K), 5 survivors (5120K)
 Metaspace       used 58103K, committed 59456K, reserved 1114112K
  class space    used 6318K, committed 6912K, reserved 1048576K
}

Dll operation events (13 events):
Event: 0.016 Loaded shared library C:\Program Files\Java\jdk-22\bin\java.dll
Event: 0.056 Loaded shared library C:\Program Files\Java\jdk-22\bin\jsvml.dll
Event: 0.078 Loaded shared library C:\Program Files\Java\jdk-22\bin\net.dll
Event: 0.082 Loaded shared library C:\Program Files\Java\jdk-22\bin\nio.dll
Event: 0.090 Loaded shared library C:\Program Files\Java\jdk-22\bin\zip.dll
Event: 0.246 Loaded shared library C:\Program Files\Java\jdk-22\bin\jimage.dll
Event: 1.210 Loaded shared library C:\Users\Jay\.cache\opencode\bin\jdtls\config_win\org.eclipse.equinox.launcher\org.eclipse.equinox.launcher.win32.win32.x86_64_1.3.0.v20260203-2149\eclipse_11919.dll
Event: 2.655 Loaded shared library C:\Program Files\Java\jdk-22\bin\management.dll
Event: 2.662 Loaded shared library C:\Program Files\Java\jdk-22\bin\management_ext.dll
Event: 2.801 Loaded shared library C:\Program Files\Java\jdk-22\bin\verify.dll
Event: 4.234 Loaded shared library C:\Users\Jay\AppData\Local\Temp\jna-74242\jna16382431718190408456.dll
Event: 4.624 Loaded shared library C:\Program Files\Java\jdk-22\bin\sunmscapi.dll
Event: 4.836 Loaded shared library C:\Program Files\Java\jdk-22\bin\extnet.dll

Deoptimization events (20 events):
Event: 18.088 Thread 0x000001bd802d2650 DEOPT PACKING pc=0x000001bda6a36aa6 sp=0x0000008ff4dfdc50
Event: 18.088 Thread 0x000001bd802d2650 DEOPT UNPACKING pc=0x000001bdad3e4e42 sp=0x0000008ff4dfd140 mode 0
Event: 18.122 Thread 0x000001bd802d2ce0 DEOPT PACKING pc=0x000001bda6c4867e sp=0x0000008ff3afea70
Event: 18.122 Thread 0x000001bd802d2ce0 DEOPT UNPACKING pc=0x000001bdad3e4e42 sp=0x0000008ff3afdf50 mode 0
Event: 18.172 Thread 0x000001bd802d2650 Uncommon trap: trap_request=0xffffffc6 fr.pc=0x000001bdadd2e75c relative=0x0000000000000e9c
Event: 18.172 Thread 0x000001bd802d2650 Uncommon trap: reason=bimorphic_or_optimized_type_check action=maybe_recompile pc=0x000001bdadd2e75c method=java.util.concurrent.ConcurrentHashMap.putAll(Ljava/util/Map;)V @ 32 c2
Event: 18.172 Thread 0x000001bd802d2650 DEOPT PACKING pc=0x000001bdadd2e75c sp=0x0000008ff4dfebb0
Event: 18.172 Thread 0x000001bd802d2650 DEOPT UNPACKING pc=0x000001bdad3e46a2 sp=0x0000008ff4dfeba0 mode 2
Event: 18.319 Thread 0x000001bd802d2ce0 Uncommon trap: trap_request=0xffffff45 fr.pc=0x000001bdadfb6a1c relative=0x000000000000233c
Event: 18.319 Thread 0x000001bd802d2ce0 Uncommon trap: reason=unstable_if action=reinterpret pc=0x000001bdadfb6a1c method=org.eclipse.jdt.internal.compiler.classfmt.MethodInfo.createMethod([B[IIJ)Lorg/eclipse/jdt/internal/compiler/classfmt/MethodInfo; @ 416 c2
Event: 18.319 Thread 0x000001bd802d2ce0 DEOPT PACKING pc=0x000001bdadfb6a1c sp=0x0000008ff3afea20
Event: 18.319 Thread 0x000001bd802d2ce0 DEOPT UNPACKING pc=0x000001bdad3e46a2 sp=0x0000008ff3afe980 mode 2
Event: 18.432 Thread 0x000001bd802d2ce0 Uncommon trap: trap_request=0xffffff45 fr.pc=0x000001bdada02898 relative=0x0000000000000278
Event: 18.432 Thread 0x000001bd802d2ce0 Uncommon trap: reason=unstable_if action=reinterpret pc=0x000001bdada02898 method=org.eclipse.jdt.internal.compiler.classfmt.ClassFileStruct.utf8At(II)[C @ 46 c2
Event: 18.432 Thread 0x000001bd802d2ce0 DEOPT PACKING pc=0x000001bdada02898 sp=0x0000008ff3afe890
Event: 18.432 Thread 0x000001bd802d2ce0 DEOPT UNPACKING pc=0x000001bdad3e46a2 sp=0x0000008ff3afe810 mode 2
Event: 18.433 Thread 0x000001bd802d3370 Uncommon trap: trap_request=0xffffff45 fr.pc=0x000001bdadf419c8 relative=0x0000000000000188
Event: 18.433 Thread 0x000001bd802d3370 Uncommon trap: reason=unstable_if action=reinterpret pc=0x000001bdadf419c8 method=java.io.ObjectOutputStream$HandleTable.lookup(Ljava/lang/Object;)I @ 4 c2
Event: 18.433 Thread 0x000001bd802d3370 DEOPT PACKING pc=0x000001bdadf419c8 sp=0x0000008ff55fe1b0
Event: 18.433 Thread 0x000001bd802d3370 DEOPT UNPACKING pc=0x000001bdad3e46a2 sp=0x0000008ff55fe140 mode 2

Classes loaded (20 events):
Event: 13.936 Loading class java/io/ObjectInputStream$GetField done
Event: 13.936 Loading class java/io/ObjectInputStream$FieldValues done
Event: 15.532 Loading class java/lang/invoke/MethodHandleImpl$CountingWrapper$1
Event: 15.535 Loading class java/lang/invoke/MethodHandleImpl$CountingWrapper$1 done
Event: 16.544 Loading class java/io/ObjectStreamClass$ExceptionInfo
Event: 16.544 Loading class java/io/ObjectStreamClass$ExceptionInfo done
Event: 16.544 Loading class java/io/ObjectStreamClass$1
Event: 16.545 Loading class java/io/ObjectStreamClass$1 done
Event: 16.545 Loading class java/io/ObjectStreamClass$MemberSignature
Event: 16.546 Loading class java/io/ObjectStreamClass$MemberSignature done
Event: 16.546 Loading class java/io/ObjectStreamClass$3
Event: 16.547 Loading class java/io/ObjectStreamClass$3 done
Event: 16.547 Loading class java/io/ObjectStreamClass$4
Event: 16.547 Loading class java/io/ObjectStreamClass$4 done
Event: 16.548 Loading class java/io/ObjectStreamClass$5
Event: 16.549 Loading class java/io/ObjectStreamClass$5 done
Event: 16.927 Loading class java/util/ArrayDeque$DeqSpliterator
Event: 16.927 Loading class java/util/ArrayDeque$DeqSpliterator done
Event: 18.468 Loading class java/io/BufferedReader$1
Event: 18.468 Loading class java/io/BufferedReader$1 done

Classes unloaded (12 events):
Event: 6.793 Thread 0x000001bdba4dec70 Unloading class 0x000001bdbc30c800 'java/lang/invoke/LambdaForm$MH+0x000001bdbc30c800'
Event: 6.793 Thread 0x000001bdba4dec70 Unloading class 0x000001bdbc30bc00 'java/lang/invoke/LambdaForm$MH+0x000001bdbc30bc00'
Event: 6.793 Thread 0x000001bdba4dec70 Unloading class 0x000001bdbc30b400 'java/lang/invoke/LambdaForm$MH+0x000001bdbc30b400'
Event: 6.793 Thread 0x000001bdba4dec70 Unloading class 0x000001bdbc30b000 'java/lang/invoke/LambdaForm$DMH+0x000001bdbc30b000'
Event: 6.793 Thread 0x000001bdba4dec70 Unloading class 0x000001bdbc30a000 'java/lang/invoke/LambdaForm$MH+0x000001bdbc30a000'
Event: 6.793 Thread 0x000001bdba4dec70 Unloading class 0x000001bdbc301800 'java/lang/invoke/LambdaForm$MH+0x000001bdbc301800'
Event: 6.793 Thread 0x000001bdba4dec70 Unloading class 0x000001bdbc301000 'java/lang/invoke/LambdaForm$MH+0x000001bdbc301000'
Event: 6.793 Thread 0x000001bdba4dec70 Unloading class 0x000001bdbc300800 'java/lang/invoke/LambdaForm$MH+0x000001bdbc300800'
Event: 6.793 Thread 0x000001bdba4dec70 Unloading class 0x000001bdbc300000 'java/lang/invoke/LambdaForm$MH+0x000001bdbc300000'
Event: 6.793 Thread 0x000001bdba4dec70 Unloading class 0x000001bdbc2ff000 'java/lang/invoke/LambdaForm$MH+0x000001bdbc2ff000'
Event: 6.793 Thread 0x000001bdba4dec70 Unloading class 0x000001bdbc2fe800 'java/lang/invoke/LambdaForm$MH+0x000001bdbc2fe800'
Event: 6.793 Thread 0x000001bdba4dec70 Unloading class 0x000001bdbc2fe000 'java/lang/invoke/LambdaForm$MH+0x000001bdbc2fe000'

Classes redefined (0 events):
No events

Internal exceptions (20 events):
Event: 17.696 Thread 0x000001bd802d2ce0 Exception <a 'sun/nio/fs/WindowsException'{0x00000000ac3ecd30}> (0x00000000ac3ecd30) 
thrown [s\open\src\hotspot\share\prims\jni.cpp, line 520]
Event: 17.844 Thread 0x000001bd802d2ce0 Exception <a 'sun/nio/fs/WindowsException'{0x00000000aac93c38}> (0x00000000aac93c38) 
thrown [s\open\src\hotspot\share\prims\jni.cpp, line 520]
Event: 17.870 Thread 0x000001bd802d2ce0 Exception <a 'sun/nio/fs/WindowsException'{0x00000000aab40528}> (0x00000000aab40528) 
thrown [s\open\src\hotspot\share\prims\jni.cpp, line 520]
Event: 17.962 Thread 0x000001bd802d2ce0 Exception <a 'sun/nio/fs/WindowsException'{0x00000000a983d108}> (0x00000000a983d108) 
thrown [s\open\src\hotspot\share\prims\jni.cpp, line 520]
Event: 17.980 Thread 0x000001bd802d2ce0 Exception <a 'sun/nio/fs/WindowsException'{0x00000000a9860638}> (0x00000000a9860638) 
thrown [s\open\src\hotspot\share\prims\jni.cpp, line 520]
Event: 18.004 Thread 0x000001bd802d2ce0 Exception <a 'sun/nio/fs/WindowsException'{0x00000000a97055d0}> (0x00000000a97055d0) 
thrown [s\open\src\hotspot\share\prims\jni.cpp, line 520]
Event: 18.052 Thread 0x000001bd802d2650 Exception <a 'sun/nio/fs/WindowsException'{0x00000000af18f440}> (0x00000000af18f440) 
thrown [s\open\src\hotspot\share\prims\jni.cpp, line 520]
Event: 18.053 Thread 0x000001bd802d2650 Exception <a 'sun/nio/fs/WindowsException'{0x00000000af18fd20}> (0x00000000af18fd20) 
thrown [s\open\src\hotspot\share\prims\jni.cpp, line 520]
Event: 18.135 Thread 0x000001bd802d2ce0 Exception <a 'sun/nio/fs/WindowsException'{0x00000000ae778418}> (0x00000000ae778418) 
thrown [s\open\src\hotspot\share\prims\jni.cpp, line 520]
Event: 18.157 Thread 0x000001bd802d2ce0 Exception <a 'sun/nio/fs/WindowsException'{0x00000000ae79dbb8}> (0x00000000ae79dbb8) 
thrown [s\open\src\hotspot\share\prims\jni.cpp, line 520]
Event: 18.213 Thread 0x000001bd802d2ce0 Exception <a 'sun/nio/fs/WindowsException'{0x00000000adfbb0a0}> (0x00000000adfbb0a0) 
thrown [s\open\src\hotspot\share\prims\jni.cpp, line 520]
Event: 18.242 Thread 0x000001bd802d2ce0 Exception <a 'sun/nio/fs/WindowsException'{0x00000000ade37510}> (0x00000000ade37510) 
thrown [s\open\src\hotspot\share\prims\jni.cpp, line 520]
Event: 18.268 Thread 0x000001bd802d2ce0 Exception <a 'sun/nio/fs/WindowsException'{0x00000000add2a670}> (0x00000000add2a670) 
thrown [s\open\src\hotspot\share\prims\jni.cpp, line 520]
Event: 18.302 Thread 0x000001bd802d2ce0 Exception <a 'sun/nio/fs/WindowsException'{0x00000000addb1338}> (0x00000000addb1338) 
thrown [s\open\src\hotspot\share\prims\jni.cpp, line 520]
Event: 18.381 Thread 0x000001bd802d3370 Exception <a 'sun/nio/fs/WindowsException'{0x00000000ad3203f8}> (0x00000000ad3203f8) 
thrown [s\open\src\hotspot\share\prims\jni.cpp, line 520]
Event: 18.381 Thread 0x000001bd802d3370 Exception <a 'sun/nio/fs/WindowsException'{0x00000000ad320cd8}> (0x00000000ad320cd8) 
thrown [s\open\src\hotspot\share\prims\jni.cpp, line 520]
Event: 18.385 Thread 0x000001bd802d3370 Exception <a 'sun/nio/fs/WindowsException'{0x00000000ad332440}> (0x00000000ad332440) 
thrown [s\open\src\hotspot\share\prims\jni.cpp, line 520]
Event: 18.385 Thread 0x000001bd802d3370 Exception <a 'sun/nio/fs/WindowsException'{0x00000000ad332d20}> (0x00000000ad332d20) 
thrown [s\open\src\hotspot\share\prims\jni.cpp, line 520]
Event: 18.415 Thread 0x000001bd802d3370 Exception <a 'sun/nio/fs/WindowsException'{0x00000000acec09d8}> (0x00000000acec09d8) 
thrown [s\open\src\hotspot\share\prims\jni.cpp, line 520]
Event: 18.415 Thread 0x000001bd802d3370 Exception <a 'sun/nio/fs/WindowsException'{0x00000000acec12b8}> (0x00000000acec12b8) 
thrown [s\open\src\hotspot\share\prims\jni.cpp, line 520]

ZGC Phase Switch (0 events):
No events

VM Operations (20 events):
Event: 15.316 Executing VM operation: G1CollectForAllocation (G1 Evacuation Pause) done
Event: 16.324 Executing VM operation: Cleanup
Event: 16.324 Executing VM operation: Cleanup done
Event: 16.477 Executing VM operation: G1CollectForAllocation (G1 Evacuation Pause)
Event: 16.522 Executing VM operation: G1CollectForAllocation (G1 Evacuation Pause) done
Event: 16.907 Executing VM operation: G1TryInitiateConcMark (G1 Humongous Allocation)
Event: 16.922 Executing VM operation: G1TryInitiateConcMark (G1 Humongous Allocation) done
Event: 17.076 Executing VM operation: G1PauseRemark
Event: 17.087 Executing VM operation: G1PauseRemark done
Event: 17.165 Executing VM operation: G1PauseCleanup
Event: 17.166 Executing VM operation: G1PauseCleanup done
Event: 17.545 Executing VM operation: HandshakeAllThreads (Deoptimize)
Event: 17.545 Executing VM operation: HandshakeAllThreads (Deoptimize) done
Event: 17.593 Executing VM operation: HandshakeAllThreads (Deoptimize)
Event: 17.593 Executing VM operation: HandshakeAllThreads (Deoptimize) done
Event: 17.595 Executing VM operation: HandshakeAllThreads (Deoptimize)
Event: 17.595 Executing VM operation: HandshakeAllThreads (Deoptimize) done
Event: 18.040 Executing VM operation: G1CollectForAllocation (G1 Evacuation Pause)
Event: 18.049 Executing VM operation: G1CollectForAllocation (G1 Evacuation Pause) done
Event: 19.063 Executing VM operation: Cleanup

Events (20 events):
Event: 17.086 Thread 0x000001bdba4dec70 flushing nmethod 0x000001bda5e73a90
Event: 17.086 Thread 0x000001bdba4dec70 flushing nmethod 0x000001bda5ec9e10
Event: 17.086 Thread 0x000001bdba4dec70 flushing nmethod 0x000001bda5fb8f10
Event: 17.086 Thread 0x000001bdba4dec70 flushing nmethod 0x000001bda6c8fc10
Event: 17.086 Thread 0x000001bdba4dec70 flushing nmethod 0x000001bda676f010
Event: 17.086 Thread 0x000001bdba4dec70 flushing nmethod 0x000001bda6bd2590
Event: 17.086 Thread 0x000001bdba4dec70 flushing nmethod 0x000001bda6bd6c90
Event: 17.086 Thread 0x000001bdba4dec70 flushing nmethod 0x000001bda6c74990
Event: 17.086 Thread 0x000001bdba4dec70 flushing nmethod 0x000001bda6c76110
Event: 17.086 Thread 0x000001bdba4dec70 flushing nmethod 0x000001bda6c77610
Event: 17.086 Thread 0x000001bdba4dec70 flushing nmethod 0x000001bda6c7f690
Event: 17.086 Thread 0x000001bdba4dec70 flushing nmethod 0x000001bda6cc6110
Event: 17.086 Thread 0x000001bdba4dec70 flushing nmethod 0x000001bda6300610
Event: 17.086 Thread 0x000001bdba4dec70 flushing nmethod 0x000001bda6341790
Event: 17.086 Thread 0x000001bdba4dec70 flushing nmethod 0x000001bda6369a90
Event: 17.086 Thread 0x000001bdba4dec70 flushing nmethod 0x000001bda66eb790
Event: 17.086 Thread 0x000001bdba4dec70 flushing nmethod 0x000001bda66efe10
Event: 17.086 Thread 0x000001bdba4dec70 flushing nmethod 0x000001bda6745f10
Event: 17.086 Thread 0x000001bdba4dec70 flushing nmethod 0x000001bda6bde490
Event: 17.086 Thread 0x000001bdba4dec70 flushing nmethod 0x000001bda6c2b390


Dynamic libraries:
0x00007ff723900000 - 0x00007ff723910000 	C:\Program Files\Java\jdk-22\bin\java.EXE
0x00007ff805860000 - 0x00007ff805ac7000 	C:\WINDOWS\SYSTEM32\ntdll.dll
0x00007ff8047a0000 - 0x00007ff804869000 	C:\WINDOWS\System32\KERNEL32.DLL
0x00007ff802df0000 - 0x00007ff8031e1000 	C:\WINDOWS\System32\KERNELBASE.dll
0x00007ff802a40000 - 0x00007ff802b8b000 	C:\WINDOWS\System32\ucrtbase.dll
0x00007fff74af0000 - 0x00007fff74b07000 	C:\Program Files\Java\jdk-22\bin\jli.dll
0x00007fff736a0000 - 0x00007fff736bb000 	C:\Program Files\Java\jdk-22\bin\VCRUNTIME140.dll
0x00007ff804570000 - 0x00007ff80462b000 	C:\WINDOWS\System32\ADVAPI32.dll
0x00007ff804870000 - 0x00007ff804919000 	C:\WINDOWS\System32\msvcrt.dll
0x00007ff8052f0000 - 0x00007ff805397000 	C:\WINDOWS\System32\sechost.dll
0x00007ff803bd0000 - 0x00007ff803ce8000 	C:\WINDOWS\System32\RPCRT4.dll
0x00007ff803f10000 - 0x00007ff8040d5000 	C:\WINDOWS\System32\USER32.dll
0x00007ff802b90000 - 0x00007ff802bb7000 	C:\WINDOWS\System32\win32u.dll
0x00007fffe48e0000 - 0x00007fffe4b73000 	C:\WINDOWS\WinSxS\amd64_microsoft.windows.common-controls_6595b64144ccf1df_6.0.26100.8037_none_3e092faae333b53b\COMCTL32.dll
0x00007ff804920000 - 0x00007ff80494b000 	C:\WINDOWS\System32\GDI32.dll
0x00007ff8032b0000 - 0x00007ff8033db000 	C:\WINDOWS\System32\gdi32full.dll
0x00007ff802bc0000 - 0x00007ff802c63000 	C:\WINDOWS\System32\msvcp_win.dll
0x00007ffffa0a0000 - 0x00007ffffa0ab000 	C:\WINDOWS\SYSTEM32\VERSION.dll
0x00007ff8053a0000 - 0x00007ff8053d1000 	C:\WINDOWS\System32\IMM32.DLL
0x00007fff91ff0000 - 0x00007fff91ffc000 	C:\Program Files\Java\jdk-22\bin\vcruntime140_1.dll
0x00007fff71d30000 - 0x00007fff71dbe000 	C:\Program Files\Java\jdk-22\bin\msvcp140.dll
0x00007fff70fe0000 - 0x00007fff71d27000 	C:\Program Files\Java\jdk-22\bin\server\jvm.dll
0x00007ff8036b0000 - 0x00007ff803724000 	C:\WINDOWS\System32\WS2_32.dll
0x00007ff801fa0000 - 0x00007ff801ffe000 	C:\WINDOWS\SYSTEM32\POWRPROF.dll
0x00007ffffa060000 - 0x00007ffffa095000 	C:\WINDOWS\SYSTEM32\WINMM.dll
0x00007ff801f80000 - 0x00007ff801f94000 	C:\WINDOWS\SYSTEM32\UMPDC.dll
0x00007ff800eb0000 - 0x00007ff800ecb000 	C:\WINDOWS\SYSTEM32\kernel.appcore.dll
0x00007fff867b0000 - 0x00007fff867ba000 	C:\Program Files\Java\jdk-22\bin\jimage.dll
0x00007ffff62e0000 - 0x00007ffff6522000 	C:\WINDOWS\SYSTEM32\DBGHELP.DLL
0x00007ff803730000 - 0x00007ff803ab2000 	C:\WINDOWS\System32\combase.dll
0x00007ff804650000 - 0x00007ff804727000 	C:\WINDOWS\System32\OLEAUT32.dll
0x00007fffe1ac0000 - 0x00007fffe1afb000 	C:\WINDOWS\SYSTEM32\dbgcore.DLL
0x00007ff8033e0000 - 0x00007ff803485000 	C:\WINDOWS\System32\bcryptPrimitives.dll
0x00007fff70fc0000 - 0x00007fff70fde000 	C:\Program Files\Java\jdk-22\bin\java.dll
0x00007ff8049e0000 - 0x00007ff80513f000 	C:\WINDOWS\System32\SHELL32.dll
0x00007ff803490000 - 0x00007ff8035fa000 	C:\WINDOWS\System32\wintypes.dll
0x00007ff805150000 - 0x00007ff8052e5000 	C:\WINDOWS\System32\ole32.dll
0x00007ff802140000 - 0x00007ff8029a4000 	C:\WINDOWS\System32\windows.storage.dll
0x00007ff803ac0000 - 0x00007ff803bb7000 	C:\WINDOWS\System32\SHCORE.dll
0x00007ff804730000 - 0x00007ff804797000 	C:\WINDOWS\System32\shlwapi.dll
0x00007ff802060000 - 0x00007ff802089000 	C:\WINDOWS\SYSTEM32\profapi.dll
0x00007fff73f10000 - 0x00007fff73fe7000 	C:\Program Files\Java\jdk-22\bin\jsvml.dll
0x00007fff86610000 - 0x00007fff86620000 	C:\Program Files\Java\jdk-22\bin\net.dll
0x00007ff801440000 - 0x00007ff8014ab000 	C:\WINDOWS\system32\mswsock.dll
0x00007fff70ee0000 - 0x00007fff70ef6000 	C:\Program Files\Java\jdk-22\bin\nio.dll
0x00007fff70ec0000 - 0x00007fff70ed7000 	C:\Program Files\Java\jdk-22\bin\zip.dll
0x00007fffc5340000 - 0x00007fffc5385000 	C:\Users\Jay\.cache\opencode\bin\jdtls\config_win\org.eclipse.equinox.launcher\org.eclipse.equinox.launcher.win32.win32.x86_64_1.3.0.v20260203-2149\eclipse_11919.dll
0x00007fff86560000 - 0x00007fff8656a000 	C:\Program Files\Java\jdk-22\bin\management.dll
0x00007fff86480000 - 0x00007fff8648b000 	C:\Program Files\Java\jdk-22\bin\management_ext.dll
0x00007ff803d20000 - 0x00007ff803d28000 	C:\WINDOWS\System32\PSAPI.DLL
0x00007fff93470000 - 0x00007fff93480000 	C:\Program Files\Java\jdk-22\bin\verify.dll
0x00007ff801720000 - 0x00007ff80173b000 	C:\WINDOWS\SYSTEM32\CRYPTSP.dll
0x00007ff800e10000 - 0x00007ff800e49000 	C:\WINDOWS\system32\rsaenh.dll
0x00007ff8014f0000 - 0x00007ff801522000 	C:\WINDOWS\SYSTEM32\USERENV.dll
0x00007ff802030000 - 0x00007ff80205a000 	C:\WINDOWS\SYSTEM32\bcrypt.dll
0x00007ff801740000 - 0x00007ff80174c000 	C:\WINDOWS\SYSTEM32\CRYPTBASE.dll
0x00007ff800870000 - 0x00007ff8008a3000 	C:\WINDOWS\SYSTEM32\IPHLPAPI.DLL
0x00007ff805810000 - 0x00007ff80581a000 	C:\WINDOWS\System32\NSI.dll
0x00007fffc52f0000 - 0x00007fffc5339000 	C:\Users\Jay\AppData\Local\Temp\jna-74242\jna16382431718190408456.dll
0x00007ffff9f30000 - 0x00007ffffa057000 	C:\WINDOWS\SYSTEM32\winhttp.dll
0x00007ffffa0c0000 - 0x00007ffffa0dd000 	C:\WINDOWS\SYSTEM32\dhcpcsvc6.DLL
0x00007ffff9ec0000 - 0x00007ffff9ee3000 	C:\WINDOWS\SYSTEM32\dhcpcsvc.DLL
0x00007fff73bd0000 - 0x00007fff73bde000 	C:\Program Files\Java\jdk-22\bin\sunmscapi.dll
0x00007ff802c70000 - 0x00007ff802de7000 	C:\WINDOWS\System32\CRYPT32.dll
0x00007ff801940000 - 0x00007ff801970000 	C:\WINDOWS\SYSTEM32\ncrypt.dll
0x00007ff8018f0000 - 0x00007ff80192f000 	C:\WINDOWS\SYSTEM32\NTASN1.dll
0x00007ff8008d0000 - 0x00007ff8009fa000 	C:\WINDOWS\SYSTEM32\DNSAPI.dll
0x00007ffffacf0000 - 0x00007ffffacfb000 	C:\Windows\System32\rasadhlp.dll
0x00007ffff7510000 - 0x00007ffff7596000 	C:\WINDOWS\System32\fwpuclnt.dll
0x00007fff76130000 - 0x00007fff76139000 	C:\Program Files\Java\jdk-22\bin\extnet.dll

dbghelp: loaded successfully - version: 4.0.5 - missing functions: none
symbol engine: initialized successfully - sym options: 0x614 - pdb path: .;C:\Program Files\Java\jdk-22\bin;C:\WINDOWS\SYSTEM32;C:\WINDOWS\WinSxS\amd64_microsoft.windows.common-controls_6595b64144ccf1df_6.0.26100.8037_none_3e092faae333b53b;C:\Program Files\Java\jdk-22\bin\server;C:\Users\Jay\.cache\opencode\bin\jdtls\config_win\org.eclipse.equinox.launcher\org.eclipse.equinox.launcher.win32.win32.x86_64_1.3.0.v20260203-2149;C:\Users\Jay\AppData\Local\Temp\jna-74242

VM Arguments:
java_command: C:\Users\Jay\.cache\opencode\bin\jdtls\plugins\org.eclipse.equinox.launcher_1.7.100.v20251111-0406.jar -configuration C:\Users\Jay\.cache\opencode\bin\jdtls\config_win -data C:\Users\Jay\AppData\Local\Temp\opencode-jdtls-dataksMWwQ -Declipse.application=org.eclipse.jdt.ls.core.id1 -Dosgi.bundles.defaultStartLevel=4 -Declipse.product=org.eclipse.jdt.ls.core.product -Dlog.level=ALL --add-modules=ALL-SYSTEM --add-opens java.base/java.util=ALL-UNNAMED --add-opens java.base/java.lang=ALL-UNNAMED
java_class_path (initial): C:\Users\Jay\.cache\opencode\bin\jdtls\plugins\org.eclipse.equinox.launcher_1.7.100.v20251111-0406.jar
Launcher Type: SUN_STANDARD

[Global flags]
     intx CICompilerCount                          = 4                                         {product} {ergonomic}
     uint ConcGCThreads                            = 3                                         {product} {ergonomic}
     uint G1ConcRefinementThreads                  = 10                                        {product} {ergonomic}
   size_t G1HeapRegionSize                         = 1048576                                   {product} {ergonomic}
   size_t InitialHeapSize                          = 123731968                                 {product} {ergonomic}
   size_t MarkStackSize                            = 4194304                                   {product} {ergonomic}
   size_t MaxHeapSize                              = 1973420032                                {product} {ergonomic}
   size_t MaxNewSize                               = 1183842304                                {product} {ergonomic}
   size_t MinHeapDeltaBytes                        = 1048576                                   {product} {ergonomic}
   size_t MinHeapSize                              = 8388608                                   {product} {ergonomic}
    uintx NonNMethodCodeHeapSize                   = 5839372                                {pd product} {ergonomic}
    uintx NonProfiledCodeHeapSize                  = 122909434                              {pd product} {ergonomic}
    uintx ProfiledCodeHeapSize                     = 122909434                              {pd product} {ergonomic}
    uintx ReservedCodeCacheSize                    = 251658240                              {pd product} {ergonomic}
     bool SegmentedCodeCache                       = true                                      {product} {ergonomic}
   size_t SoftMaxHeapSize                          = 1973420032                             {manageable} {ergonomic}
     bool UseCompressedOops                        = true                           {product lp64_product} {ergonomic}
     bool UseG1GC                                  = true                                      {product} {ergonomic}
     bool UseLargePagesIndividualAllocation        = false                                  {pd product} {ergonomic}

Logging:
Log output configuration:
 #0: stdout all=warning uptime,level,tags foldmultilines=false
 #1: stderr all=off uptime,level,tags foldmultilines=false

Environment Variables:
JAVA_HOME=C:\Program Files\Java\jdk-22
CLASSPATH=C:\myPrograms\myProjects\lib\ojdbc8.jar
PATH=C:\Program Files\Common Files\Oracle\Java\javapath;C:\windows\system32;C:\windows;C:\windows\System32\Wbem;C:\windows\System32\WindowsPowerShell\v1.0\;C:\windows\System32\OpenSSH\;C:\Program Files (x86)\NVIDIA Corporation\PhysX\Common;C:\Program Files\NVIDIA Corporation\NVIDIA NvDLISR;C:\WINDOWS\system32;C:\WINDOWS;C:\WINDOWS\System32\Wbem;C:\WINDOWS\System32\WindowsPowerShell\v1.0\;C:\WINDOWS\System32\OpenSSH\;C:\MinGW\bin;C:\Program Files\dotnet\;C:\Program Files\Git\cmd;C:\WINDOWS\system32;C:\WINDOWS;C:\WINDOWS\System32\Wbem;C:\WINDOWS\System32\WindowsPowerShell\v1.0\;C:\WINDOWS\System32\OpenSSH\;C:\Program Files\Kubernetes\Minikube;C:\Jay;C:\Program Files\nodejs\;C:\Program Files\Docker\Docker\resources\bin;C:\Program Files\Amazon\AWSCLIV2\;C:\Program Files\MySQL\MySQL Shell 8.0\bin\;C:\Users\Jay\bin;C:\Users\Jay\AppData\Local\Programs\Python\Python311\Scripts\;C:\Users\Jay\AppData\Local\Programs\Python\Python311\;C:\msys64\mingw64\bin;C:\Users\Jay\AppData\Local\Programs\Microsoft VS Code\bin;C:\Users\Jay\AppData\Local\Microsoft\WindowsApps;C:\Oracle\instantclient-basic-windows.x64-23.9.0.25.07;C:\Users\Jay\AppData\Local\Microsoft\WinGet\Packages\Kubernetes.kubectl_Microsoft.Winget.Source_8wekyb3d8bbwe;C:\Users\Jay\AppData\Local\Microsoft\WinGet\Packages\Kubernetes.kind_Microsoft.Winget.Source_8wekyb3d8bbwe;C:\Program Files\Java\jdk-22\bin;C:\maven-mvnd-1.0.2-windows-amd64\bin;C:\apache-ant-1.10.15\bin;C:\Users\Jay\AppData\Local\Python\bin;C:\Program Files\MySQL\MySQL Server 9.5\bin;C:\Users\Jay\AppData\Roaming\npm;C:\Users\Jay\.dotnet\tools;C:\apache-maven-3.9.14\bin;;C:\Users\Jay\AppData\Local\Programs\Warp\bin;
USERNAME=Jay
OS=Windows_NT
PROCESSOR_IDENTIFIER=AMD64 Family 25 Model 80 Stepping 0, AuthenticAMD
TMP=C:\Users\Jay\AppData\Local\Temp
TEMP=C:\Users\Jay\AppData\Local\Temp




Periodic native trim disabled

---------------  S Y S T E M  ---------------

OS:
 Windows 11 , 64 bit Build 26100 (10.0.26100.7920)
OS uptime: 0 days 1:13 hours
Hyper-V role detected

CPU: total 12 (initial active 12) (12 cores per cpu, 2 threads per core) family 25 model 80 stepping 0 microcode 0xa50000d, cx8, cmov, fxsr, ht, mmx, 3dnowpref, sse, sse2, sse3, ssse3, sse4a, sse4.1, sse4.2, popcnt, lzcnt, tsc, tscinvbit, avx, avx2, aes, erms, clmul, bmi1, bmi2, adx, sha, fma, vzeroupper, clflush, clflushopt, hv, rdtscp, rdpid, fsrm, f16c, cet_ss
Processor Information for processor 0
  Max Mhz: 3301, Current Mhz: 3301, Mhz Limit: 3301
Processor Information for processor 1
  Max Mhz: 3301, Current Mhz: 3301, Mhz Limit: 3301
Processor Information for processor 2
  Max Mhz: 3301, Current Mhz: 1805, Mhz Limit: 3301
Processor Information for processor 3
  Max Mhz: 3301, Current Mhz: 3301, Mhz Limit: 3301
Processor Information for processor 4
  Max Mhz: 3301, Current Mhz: 1805, Mhz Limit: 3301
Processor Information for processor 5
  Max Mhz: 3301, Current Mhz: 1805, Mhz Limit: 3301
Processor Information for processor 6
  Max Mhz: 3301, Current Mhz: 1805, Mhz Limit: 3301
Processor Information for processor 7
  Max Mhz: 3301, Current Mhz: 3301, Mhz Limit: 3301
Processor Information for processor 8
  Max Mhz: 3301, Current Mhz: 3301, Mhz Limit: 3301
Processor Information for processor 9
  Max Mhz: 3301, Current Mhz: 1805, Mhz Limit: 3301
Processor Information for processor 10
  Max Mhz: 3301, Current Mhz: 3301, Mhz Limit: 3301
Processor Information for processor 11
  Max Mhz: 3301, Current Mhz: 1805, Mhz Limit: 3301

Memory: 4k page, system-wide physical 7521M (582M free)
TotalPageFile size 31073M (AvailPageFile size 3M)
current process WorkingSet (physical memory assigned to process): 946M, peak: 947M
current process commit charge ("private bytes"): 888M, peak: 888M

vm_info: Java HotSpot(TM) 64-Bit Server VM (22.0.1+8-16) for windows-amd64 JRE (22.0.1+8-16), built on 2024-03-12T10:33:16Z by "mach5one" with MS VC++ 17.6 (VS2022)

END.
